{"committed_jobs": 17, "world": 501003, "arm": "V1", "assay": "reuse"}
{"committed_jobs": 18, "world": 501003, "arm": "ERROR", "assay": "reuse"}
{"committed_jobs": 19, "world": 501003, "arm": "REPLACE", "assay": "reuse"}
{"committed_jobs": 20, "world": 501003, "arm": "BOTH", "assay": "reuse"}
{"committed_jobs": 21, "world": 501004, "arm": "V1", "assay": "reuse"}
{"committed_jobs": 22, "world": 501004, "arm": "ERROR", "assay": "reuse"}
{"committed_jobs": 23, "world": 501004, "arm": "REPLACE", "assay": "reuse"}
{"committed_jobs": 24, "world": 501003, "arm": "V1", "assay": "lifetime"}
{"committed_jobs": 25, "world": 501003, "arm": "ERROR", "assay": "lifetime"}
{"committed_jobs": 26, "world": 501003, "arm": "REPLACE", "assay": "lifetime"}
{"committed_jobs": 27, "world": 501003, "arm": "BOTH", "assay": "lifetime"}
{"committed_jobs": 28, "world": 501004, "arm": "V1", "assay": "lifetime"}
{"committed_jobs": 29, "world": 501004, "arm": "ERROR", "assay": "lifetime"}
{"committed_jobs": 30, "world": 501004, "arm": "BOTH", "assay": "reuse"}
{"committed_jobs": 31, "world": 501005, "arm": "V1", "assay": "reuse"}
{"committed_jobs": 32, "world": 501005, "arm": "ERROR", "assay": "reuse"}
{"committed_jobs": 33, "world": 501005, "arm": "REPLACE", "assay": "reuse"}
{"committed_jobs": 34, "world": 501004, "arm": "REPLACE", "assay": "lifetime"}
{"committed_jobs": 35, "world": 501005, "arm": "BOTH", "assay": "reuse"}
{"committed_jobs": 36, "world": 501006, "arm": "V1", "assay": "reuse"}
{"committed_jobs": 37, "world": 501004, "arm": "BOTH", "assay": "lifetime"}
{"committed_jobs": 38, "world": 501006, "arm": "ERROR", "assay": "reuse"}
{"committed_jobs": 39, "world": 501006, "arm": "REPLACE", "assay": "reuse"}
{"committed_jobs": 40, "world": 501005, "arm": "V1", "assay": "lifetime"}
{"committed_jobs": 41, "world": 501005, "arm": "ERROR", "assay": "lifetime"}
{"committed_jobs": 42, "world": 501006, "arm": "BOTH", "assay": "reuse"}
{"committed_jobs": 43, "world": 501005, "arm": "REPLACE", "assay": "lifetime"}
{"committed_jobs": 44, "world": 501005, "arm": "BOTH", "assay": "lifetime"}
{"committed_jobs": 45, "world": 501006, "arm": "V1", "assay": "lifetime"}
{"committed_jobs": 46, "world": 501007, "arm": "V1", "assay": "reuse"}
{"committed_jobs": 47, "world": 501007, "arm": "ERROR", "assay": "reuse"}
{"committed_jobs": 48, "world": 501007, "arm": "REPLACE", "assay": "reuse"}
{"committed_jobs": 49, "world": 501006, "arm": "ERROR", "assay": "lifetime"}
{"committed_jobs": 50, "world": 501006, "arm": "REPLACE", "assay": "lifetime"}
{"committed_jobs": 51, "world": 501007, "arm": "BOTH", "assay": "reuse"}
{"committed_jobs": 52, "world": 501008, "arm": "V1", "assay": "reuse"}
{"committed_jobs": 53, "world": 501006, "arm": "BOTH", "assay": "lifetime"}
{"committed_jobs": 54, "world": 501008, "arm": "ERROR", "assay": "reuse"}
{"committed_jobs": 55, "world": 501007, "arm": "V1", "assay": "lifetime"}
{"committed_jobs": 56, "world": 501008, "arm": "REPLACE", "assay": "reuse"}
{"committed_jobs": 57, "world": 501007, "arm": "ERROR", "assay": "lifetime"}
{"committed_jobs": 58, "world": 501008, "arm": "BOTH", "assay": "reuse"}
{"committed_jobs": 59, "world": 501007, "arm": "REPLACE", "assay": "lifetime"}
{"committed_jobs": 60, "world": 501007, "arm": "BOTH", "assay": "lifetime"}
{"committed_jobs": 61, "world": 501009, "arm": "V1", "assay": "reuse"}
{"committed_jobs": 62, "world": 501008, "arm": "V1", "assay": "lifetime"}
{"committed_jobs": 63, "world": 501009, "arm": "ERROR", "assay": "reuse"}
{"committed_jobs": 64, "world": 501008, "arm": "ERROR", "assay": "lifetime"}
{"committed_jobs": 65, "world": 501009, "arm": "REPLACE", "assay": "reuse"}
{"committed_jobs": 66, "world": 501009, "arm": "BOTH", "assay": "reuse"}
{"committed_jobs": 67, "world": 501008, "arm": "REPLACE", "assay": "lifetime"}
{"committed_jobs": 68, "world": 501010, "arm": "V1", "assay": "reuse"}
{"committed_jobs": 69, "world": 501008, "arm": "BOTH", "assay": "lifetime"}
{"committed_jobs": 70, "world": 501010, "arm": "ERROR", "assay": "reuse"}
{"committed_jobs": 71, "world": 501009, "arm": "V1", "assay": "lifetime"}
{"committed_jobs": 72, "world": 501009, "arm": "ERROR", "assay": "lifetime"}
{"committed_jobs": 73, "world": 501010, "arm": "REPLACE", "assay": "reuse"}
{"committed_jobs": 74, "world": 501009, "arm": "REPLACE", "assay": "lifetime"}
{"committed_jobs": 75, "world": 501010, "arm": "BOTH", "assay": "reuse"}
{"committed_jobs": 76, "world": 501009, "arm": "BOTH", "assay": "lifetime"}
{"committed_jobs": 77, "world": 501010, "arm": "V1", "assay": "lifetime"}
{"committed_jobs": 78, "world": 501011, "arm": "V1", "assay": "reuse"}
{"committed_jobs": 79, "world": 501011, "arm": "ERROR", "assay": "reuse"}
{"committed_jobs": 80, "world": 501011, "arm": "REPLACE", "assay": "reuse"}
{"committed_jobs": 81, "world": 501010, "arm": "ERROR", "assay": "lifetime"}
{"committed_jobs": 82, "world": 501011, "arm": "BOTH", "assay": "reuse"}
{"committed_jobs": 83, "world": 501010, "arm": "REPLACE", "assay": "lifetime"}
{"committed_jobs": 84, "world": 501012, "arm": "V1", "assay": "reuse"}
{"committed_jobs": 85, "world": 501010, "arm": "BOTH", "assay": "lifetime"}
{"committed_jobs": 86, "world": 501011, "arm": "V1", "assay": "lifetime"}
{"committed_jobs": 87, "world": 501012, "arm": "ERROR", "assay": "reuse"}
{"committed_jobs": 88, "world": 501011, "arm": "ERROR", "assay": "lifetime"}
{"committed_jobs": 89, "world": 501012, "arm": "REPLACE", "assay": "reuse"}
{"committed_jobs": 90, "world": 501011, "arm": "REPLACE", "assay": "lifetime"}
{"committed_jobs": 91, "world": 501012, "arm": "BOTH", "assay": "reuse"}
{"committed_jobs": 92, "world": 501011, "arm": "BOTH", "assay": "lifetime"}
{"committed_jobs": 93, "world": 501013, "arm": "V1", "assay": "reuse"}
{"committed_jobs": 94, "world": 501012, "arm": "V1", "assay": "lifetime"}
{"committed_jobs": 95, "world": 501013, "arm": "ERROR", "assay": "reuse"}
{"committed_jobs": 96, "world": 501012, "arm": "ERROR", "assay": "lifetime"}
{"committed_jobs": 97, "world": 501013, "arm": "REPLACE", "assay": "reuse"}
{"committed_jobs": 98, "world": 501012, "arm": "REPLACE", "assay": "lifetime"}
{"committed_jobs": 99, "world": 501013, "arm": "BOTH", "assay": "reuse"}
{"committed_jobs": 100, "world": 501012, "arm": "BOTH", "assay": "lifetime"}
{"committed_jobs": 101, "world": 501014, "arm": "V1", "assay": "reuse"}
{"committed_jobs": 102, "world": 501013, "arm": "V1", "assay": "lifetime"}
{"committed_jobs": 103, "world": 501014, "arm": "ERROR", "assay": "reuse"}
{"committed_jobs": 104, "world": 501014, "arm": "REPLACE", "assay": "reuse"}
{"committed_jobs": 105, "world": 501013, "arm": "ERROR", "assay": "lifetime"}
{"committed_jobs": 106, "world": 501014, "arm": "BOTH", "assay": "reuse"}
{"committed_jobs": 107, "world": 501013, "arm": "REPLACE", "assay": "lifetime"}
{"committed_jobs": 108, "world": 501015, "arm": "V1", "assay": "reuse"}
{"committed_jobs": 109, "world": 501013, "arm": "BOTH", "assay": "lifetime"}
{"committed_jobs": 110, "world": 501014, "arm": "V1", "assay": "lifetime"}
{"committed_jobs": 111, "world": 501015, "arm": "ERROR", "assay": "reuse"}
{"committed_jobs": 112, "world": 501014, "arm": "ERROR", "assay": "lifetime"}
{"committed_jobs": 113, "world": 501015, "arm": "REPLACE", "assay": "reuse"}
{"committed_jobs": 114, "world": 501015, "arm": "BOTH", "assay": "reuse"}
{"committed_jobs": 115, "world": 501014, "arm": "REPLACE", "assay": "lifetime"}
{"committed_jobs": 116, "world": 501014, "arm": "BOTH", "assay": "lifetime"}
{"committed_jobs": 117, "world": 501016, "arm": "V1", "assay": "reuse"}
{"committed_jobs": 118, "world": 501015, "arm": "V1", "assay": "lifetime"}
{"committed_jobs": 119, "world": 501016, "arm": "ERROR", "assay": "reuse"}
{"committed_jobs": 120, "world": 501016, "arm": "REPLACE", "assay": "reuse"}
{"committed_jobs": 121, "world": 501015, "arm": "ERROR", "assay": "lifetime"}
{"committed_jobs": 122, "world": 501016, "arm": "BOTH", "assay": "reuse"}
{"committed_jobs": 123, "world": 501015, "arm": "REPLACE", "assay": "lifetime"}
{"committed_jobs": 124, "world": 501017, "arm": "V1", "assay": "reuse"}
{"committed_jobs": 125, "world": 501015, "arm": "BOTH", "assay": "lifetime"}
{"committed_jobs": 126, "world": 501016, "arm": "V1", "assay": "lifetime"}
{"committed_jobs": 127, "world": 501017, "arm": "ERROR", "assay": "reuse"}
{"committed_jobs": 128, "world": 501016, "arm": "ERROR", "assay": "lifetime"}
{"committed_jobs": 129, "world": 501017, "arm": "REPLACE", "assay": "reuse"}
{"committed_jobs": 130, "world": 501017, "arm": "BOTH", "assay": "reuse"}
{"committed_jobs": 131, "world": 501016, "arm": "REPLACE", "assay": "lifetime"}
{"committed_jobs": 132, "world": 501018, "arm": "V1", "assay": "reuse"}
{"committed_jobs": 133, "world": 501016, "arm": "BOTH", "assay": "lifetime"}
{"committed_jobs": 134, "world": 501017, "arm": "V1", "assay": "lifetime"}
{"committed_jobs": 135, "world": 501018, "arm": "ERROR", "assay": "reuse"}
{"committed_jobs": 136, "world": 501018, "arm": "REPLACE", "assay": "reuse"}
{"committed_jobs": 137, "world": 501017, "arm": "ERROR", "assay": "lifetime"}
{"committed_jobs": 138, "world": 501018, "arm": "BOTH", "assay": "reuse"}
{"committed_jobs": 139, "world": 501017, "arm": "REPLACE", "assay": "lifetime"}
{"committed_jobs": 140, "world": 501019, "arm": "V1", "assay": "reuse"}
{"committed_jobs": 141, "world": 501017, "arm": "BOTH", "assay": "lifetime"}
{"committed_jobs": 142, "world": 501018, "arm": "V1", "assay": "lifetime"}
{"committed_jobs": 143, "world": 501019, "arm": "ERROR", "assay": "reuse"}
{"committed_jobs": 144, "world": 501018, "arm": "ERROR", "assay": "lifetime"}
{"committed_jobs": 145, "world": 501019, "arm": "REPLACE", "assay": "reuse"}
{"committed_jobs": 146, "world": 501019, "arm": "BOTH", "assay": "reuse"}
{"committed_jobs": 147, "world": 501018, "arm": "REPLACE", "assay": "lifetime"}
{"committed_jobs": 148, "world": 501020, "arm": "V1", "assay": "reuse"}
{"committed_jobs": 149, "world": 501018, "arm": "BOTH", "assay": "lifetime"}
{"committed_jobs": 150, "world": 501019, "arm": "V1", "assay": "lifetime"}
{"committed_jobs": 151, "world": 501020, "arm": "ERROR", "assay": "reuse"}
{"committed_jobs": 152, "world": 501019, "arm": "ERROR", "assay": "lifetime"}
{"committed_jobs": 153, "world": 501020, "arm": "REPLACE", "assay": "reuse"}
{"committed_jobs": 154, "world": 501019, "arm": "REPLACE", "assay": "lifetime"}
{"committed_jobs": 155, "world": 501020, "arm": "BOTH", "assay": "reuse"}
{"committed_jobs": 156, "world": 501019, "arm": "BOTH", "assay": "lifetime"}
{"committed_jobs": 157, "world": 501021, "arm": "V1", "assay": "reuse"}
{"committed_jobs": 158, "world": 501020, "arm": "V1", "assay": "lifetime"}
{"committed_jobs": 159, "world": 501021, "arm": "ERROR", "assay": "reuse"}
{"committed_jobs": 160, "world": 501021, "arm": "REPLACE", "assay": "reuse"}
{"committed_jobs": 161, "world": 501020, "arm": "ERROR", "assay": "lifetime"}
{"committed_jobs": 162, "world": 501021, "arm": "BOTH", "assay": "reuse"}
{"committed_jobs": 163, "world": 501020, "arm": "REPLACE", "assay": "lifetime"}
{"committed_jobs": 164, "world": 501022, "arm": "V1", "assay": "reuse"}
{"committed_jobs": 165, "world": 501020, "arm": "BOTH", "assay": "lifetime"}
{"committed_jobs": 166, "world": 501021, "arm": "V1", "assay": "lifetime"}
{"committed_jobs": 167, "world": 501022, "arm": "ERROR", "assay": "reuse"}
{"committed_jobs": 168, "world": 501021, "arm": "ERROR", "assay": "lifetime"}
{"committed_jobs": 169, "world": 501022, "arm": "REPLACE", "assay": "reuse"}
{"committed_jobs": 170, "world": 501022, "arm": "BOTH", "assay": "reuse"}
{"committed_jobs": 171, "world": 501021, "arm": "REPLACE", "assay": "lifetime"}
{"committed_jobs": 172, "world": 501023, "arm": "V1", "assay": "reuse"}
{"committed_jobs": 173, "world": 501021, "arm": "BOTH", "assay": "lifetime"}
{"committed_jobs": 174, "world": 501022, "arm": "V1", "assay": "lifetime"}
{"committed_jobs": 175, "world": 501023, "arm": "ERROR", "assay": "reuse"}
{"committed_jobs": 176, "world": 501023, "arm": "REPLACE", "assay": "reuse"}
{"committed_jobs": 177, "world": 501022, "arm": "ERROR", "assay": "lifetime"}
{"committed_jobs": 178, "world": 501023, "arm": "BOTH", "assay": "reuse"}
{"committed_jobs": 179, "world": 501022, "arm": "REPLACE", "assay": "lifetime"}
{"committed_jobs": 180, "world": 501022, "arm": "BOTH", "assay": "lifetime"}
{"committed_jobs": 181, "world": 501024, "arm": "V1", "assay": "reuse"}
{"committed_jobs": 182, "world": 501023, "arm": "V1", "assay": "lifetime"}
{"committed_jobs": 183, "world": 501024, "arm": "ERROR", "assay": "reuse"}
{"committed_jobs": 184, "world": 501024, "arm": "REPLACE", "assay": "reuse"}
{"committed_jobs": 185, "world": 501023, "arm": "ERROR", "assay": "lifetime"}
{"committed_jobs": 186, "world": 501024, "arm": "BOTH", "assay": "reuse"}
{"committed_jobs": 187, "world": 501023, "arm": "REPLACE", "assay": "lifetime"}
{"committed_jobs": 188, "world": 501025, "arm": "V1", "assay": "reuse"}
{"committed_jobs": 189, "world": 501023, "arm": "BOTH", "assay": "lifetime"}
{"committed_jobs": 190, "world": 501024, "arm": "V1", "assay": "lifetime"}
{"committed_jobs": 191, "world": 501025, "arm": "ERROR", "assay": "reuse"}
{"committed_jobs": 192, "world": 501024, "arm": "ERROR", "assay": "lifetime"}
{"committed_jobs": 193, "world": 501025, "arm": "REPLACE", "assay": "reuse"}
{"committed_jobs": 194, "world": 501024, "arm": "REPLACE", "assay": "lifetime"}
{"committed_jobs": 195, "world": 501025, "arm": "BOTH", "assay": "reuse"}
{"committed_jobs": 196, "world": 501024, "arm": "BOTH", "assay": "lifetime"}
{"committed_jobs": 197, "world": 501026, "arm": "V1", "assay": "reuse"}
{"committed_jobs": 198, "world": 501025, "arm": "V1", "assay": "lifetime"}
{"committed_jobs": 199, "world": 501026, "arm": "ERROR", "assay": "reuse"}
{"committed_jobs": 200, "world": 501025, "arm": "ERROR", "assay": "lifetime"}
{"committed_jobs": 201, "world": 501026, "arm": "REPLACE", "assay": "reuse"}
{"committed_jobs": 202, "world": 501026, "arm": "BOTH", "assay": "reuse"}
{"committed_jobs": 203, "world": 501025, "arm": "REPLACE", "assay": "lifetime"}
{"committed_jobs": 204, "world": 501027, "arm": "V1", "assay": "reuse"}
{"committed_jobs": 205, "world": 501025, "arm": "BOTH", "assay": "lifetime"}
{"committed_jobs": 206, "world": 501026, "arm": "V1", "assay": "lifetime"}
{"committed_jobs": 207, "world": 501027, "arm": "ERROR", "assay": "reuse"}
{"committed_jobs": 208, "world": 501026, "arm": "ERROR", "assay": "lifetime"}
{"committed_jobs": 209, "world": 501027, "arm": "REPLACE", "assay": "reuse"}
{"committed_jobs": 210, "world": 501027, "arm": "BOTH", "assay": "reuse"}
{"committed_jobs": 211, "world": 501026, "arm": "REPLACE", "assay": "lifetime"}
{"committed_jobs": 212, "world": 501028, "arm": "V1", "assay": "reuse"}
{"committed_jobs": 213, "world": 501027, "arm": "V1", "assay": "lifetime"}
{"committed_jobs": 214, "world": 501026, "arm": "BOTH", "assay": "lifetime"}
{"committed_jobs": 215, "world": 501028, "arm": "ERROR", "assay": "reuse"}
{"committed_jobs": 216, "world": 501028, "arm": "REPLACE", "assay": "reuse"}
{"committed_jobs": 217, "world": 501027, "arm": "ERROR", "assay": "lifetime"}
{"committed_jobs": 218, "world": 501028, "arm": "BOTH", "assay": "reuse"}
{"committed_jobs": 219, "world": 501027, "arm": "REPLACE", "assay": "lifetime"}
{"committed_jobs": 220, "world": 501029, "arm": "V1", "assay": "reuse"}
{"committed_jobs": 221, "world": 501027, "arm": "BOTH", "assay": "lifetime"}
{"committed_jobs": 222, "world": 501028, "arm": "V1", "assay": "lifetime"}
{"committed_jobs": 223, "world": 501029, "arm": "ERROR", "assay": "reuse"}
{"committed_jobs": 224, "world": 501029, "arm": "REPLACE", "assay": "reuse"}
{"committed_jobs": 225, "world": 501028, "arm": "ERROR", "assay": "lifetime"}
{"committed_jobs": 226, "world": 501029, "arm": "BOTH", "assay": "reuse"}
{"committed_jobs": 227, "world": 501028, "arm": "REPLACE", "assay": "lifetime"}
{"committed_jobs": 228, "world": 501030, "arm": "V1", "assay": "reuse"}
{"committed_jobs": 229, "world": 501028, "arm": "BOTH", "assay": "lifetime"}
{"committed_jobs": 230, "world": 501029, "arm": "V1", "assay": "lifetime"}
{"committed_jobs": 231, "world": 501030, "arm": "ERROR", "assay": "reuse"}
{"committed_jobs": 232, "world": 501030, "arm": "REPLACE", "assay": "reuse"}
{"committed_jobs": 233, "world": 501029, "arm": "ERROR", "assay": "lifetime"}
{"committed_jobs": 234, "world": 501030, "arm": "BOTH", "assay": "reuse"}
{"committed_jobs": 235, "world": 501029, "arm": "REPLACE", "assay": "lifetime"}
{"committed_jobs": 236, "world": 501031, "arm": "V1", "assay": "reuse"}
{"committed_jobs": 237, "world": 501029, "arm": "BOTH", "assay": "lifetime"}
{"committed_jobs": 238, "world": 501030, "arm": "V1", "assay": "lifetime"}
{"committed_jobs": 239, "world": 501031, "arm": "ERROR", "assay": "reuse"}
{"committed_jobs": 240, "world": 501030, "arm": "ERROR", "assay": "lifetime"}
{"committed_jobs": 241, "world": 501031, "arm": "REPLACE", "assay": "reuse"}
{"committed_jobs": 242, "world": 501031, "arm": "BOTH", "assay": "reuse"}
{"committed_jobs": 243, "world": 501030, "arm": "REPLACE", "assay": "lifetime"}
{"committed_jobs": 244, "world": 501030, "arm": "BOTH", "assay": "lifetime"}
{"committed_jobs": 245, "world": 501032, "arm": "V1", "assay": "reuse"}
{"committed_jobs": 246, "world": 501031, "arm": "V1", "assay": "lifetime"}
{"committed_jobs": 247, "world": 501032, "arm": "ERROR", "assay": "reuse"}
{"committed_jobs": 248, "world": 501032, "arm": "REPLACE", "assay": "reuse"}
{"committed_jobs": 249, "world": 501031, "arm": "ERROR", "assay": "lifetime"}
{"committed_jobs": 250, "world": 501032, "arm": "BOTH", "assay": "reuse"}
{"committed_jobs": 251, "world": 501031, "arm": "REPLACE", "assay": "lifetime"}
{"committed_jobs": 252, "world": 501033, "arm": "V1", "assay": "reuse"}
{"committed_jobs": 253, "world": 501031, "arm": "BOTH", "assay": "lifetime"}
{"committed_jobs": 254, "world": 501032, "arm": "V1", "assay": "lifetime"}
{"committed_jobs": 255, "world": 501033, "arm": "ERROR", "assay": "reuse"}
{"committed_jobs": 256, "world": 501033, "arm": "REPLACE", "assay": "reuse"}
{"committed_jobs": 257, "world": 501032, "arm": "ERROR", "assay": "lifetime"}
{"committed_jobs": 258, "world": 501033, "arm": "BOTH", "assay": "reuse"}
{"committed_jobs": 259, "world": 501032, "arm": "REPLACE", "assay": "lifetime"}
{"committed_jobs": 260, "world": 501032, "arm": "BOTH", "assay": "lifetime"}
{"committed_jobs": 261, "world": 501034, "arm": "V1", "assay": "reuse"}
{"committed_jobs": 262, "world": 501033, "arm": "V1", "assay": "lifetime"}
{"committed_jobs": 263, "world": 501034, "arm": "ERROR", "assay": "reuse"}
{"committed_jobs": 264, "world": 501034, "arm": "REPLACE", "assay": "reuse"}
{"committed_jobs": 265, "world": 501033, "arm": "ERROR", "assay": "lifetime"}
{"committed_jobs": 266, "world": 501034, "arm": "BOTH", "assay": "reuse"}
{"committed_jobs": 267, "world": 501033, "arm": "REPLACE", "assay": "lifetime"}
{"committed_jobs": 268, "world": 501035, "arm": "V1", "assay": "reuse"}
{"committed_jobs": 269, "world": 501033, "arm": "BOTH", "assay": "lifetime"}
{"committed_jobs": 270, "world": 501034, "arm": "V1", "assay": "lifetime"}
{"committed_jobs": 271, "world": 501035, "arm": "ERROR", "assay": "reuse"}
{"committed_jobs": 272, "world": 501034, "arm": "ERROR", "assay": "lifetime"}
{"committed_jobs": 273, "world": 501035, "arm": "REPLACE", "assay": "reuse"}
{"committed_jobs": 274, "world": 501035, "arm": "BOTH", "assay": "reuse"}
{"committed_jobs": 275, "world": 501034, "arm": "REPLACE", "assay": "lifetime"}
{"committed_jobs": 276, "world": 501034, "arm": "BOTH", "assay": "lifetime"}
{"committed_jobs": 277, "world": 501035, "arm": "V1", "assay": "lifetime"}
{"committed_jobs": 278, "world": 501036, "arm": "V1", "assay": "reuse"}
{"committed_jobs": 279, "world": 501036, "arm": "ERROR", "assay": "reuse"}
{"committed_jobs": 280, "world": 501036, "arm": "REPLACE", "assay": "reuse"}
{"committed_jobs": 281, "world": 501035, "arm": "ERROR", "assay": "lifetime"}
{"committed_jobs": 282, "world": 501036, "arm": "BOTH", "assay": "reuse"}
{"committed_jobs": 283, "world": 501035, "arm": "REPLACE", "assay": "lifetime"}
{"committed_jobs": 284, "world": 501037, "arm": "V1", "assay": "reuse"}
{"committed_jobs": 285, "world": 501035, "arm": "BOTH", "assay": "lifetime"}
{"committed_jobs": 286, "world": 501036, "arm": "V1", "assay": "lifetime"}
{"committed_jobs": 287, "world": 501037, "arm": "ERROR", "assay": "reuse"}
{"committed_jobs": 288, "world": 501037, "arm": "REPLACE", "assay": "reuse"}
{"committed_jobs": 289, "world": 501036, "arm": "ERROR", "assay": "lifetime"}
{"committed_jobs": 290, "world": 501037, "arm": "BOTH", "assay": "reuse"}
{"committed_jobs": 291, "world": 501036, "arm": "REPLACE", "assay": "lifetime"}
{"committed_jobs": 292, "world": 501038, "arm": "V1", "assay": "reuse"}
{"committed_jobs": 293, "world": 501036, "arm": "BOTH", "assay": "lifetime"}
{"committed_jobs": 294, "world": 501037, "arm": "V1", "assay": "lifetime"}
{"committed_jobs": 295, "world": 501038, "arm": "ERROR", "assay": "reuse"}
{"committed_jobs": 296, "world": 501038, "arm": "REPLACE", "assay": "reuse"}
{"committed_jobs": 297, "world": 501037, "arm": "ERROR", "assay": "lifetime"}
{"committed_jobs": 298, "world": 501038, "arm": "BOTH", "assay": "reuse"}
{"committed_jobs": 299, "world": 501037, "arm": "REPLACE", "assay": "lifetime"}
{"committed_jobs": 300, "world": 501039, "arm": "V1", "assay": "reuse"}
{"committed_jobs": 301, "world": 501037, "arm": "BOTH", "assay": "lifetime"}
{"committed_jobs": 302, "world": 501038, "arm": "V1", "assay": "lifetime"}
{"committed_jobs": 303, "world": 501039, "arm": "ERROR", "assay": "reuse"}
{"committed_jobs": 304, "world": 501039, "arm": "REPLACE", "assay": "reuse"}
{"committed_jobs": 305, "world": 501038, "arm": "ERROR", "assay": "lifetime"}
{"committed_jobs": 306, "world": 501039, "arm": "BOTH", "assay": "reuse"}
{"committed_jobs": 307, "world": 501038, "arm": "REPLACE", "assay": "lifetime"}
{"committed_jobs": 308, "world": 501039, "arm": "V1", "assay": "lifetime"}
{"committed_jobs": 309, "world": 501040, "arm": "V1", "assay": "reuse"}
{"committed_jobs": 310, "world": 501038, "arm": "BOTH", "assay": "lifetime"}
{"committed_jobs": 311, "world": 501040, "arm": "ERROR", "assay": "reuse"}
{"committed_jobs": 312, "world": 501039, "arm": "ERROR", "assay": "lifetime"}
{"committed_jobs": 313, "world": 501040, "arm": "REPLACE", "assay": "reuse"}
{"committed_jobs": 314, "world": 501040, "arm": "BOTH", "assay": "reuse"}
{"committed_jobs": 315, "world": 501039, "arm": "REPLACE", "assay": "lifetime"}
{"committed_jobs": 316, "world": 501041, "arm": "V1", "assay": "reuse"}
{"committed_jobs": 317, "world": 501039, "arm": "BOTH", "assay": "lifetime"}
{"committed_jobs": 318, "world": 501040, "arm": "V1", "assay": "lifetime"}
{"committed_jobs": 319, "world": 501041, "arm": "ERROR", "assay": "reuse"}
{"committed_jobs": 320, "world": 501040, "arm": "ERROR", "assay": "lifetime"}
{"committed_jobs": 321, "world": 501041, "arm": "REPLACE", "assay": "reuse"}
{"committed_jobs": 322, "world": 501041, "arm": "BOTH", "assay": "reuse"}
{"committed_jobs": 323, "world": 501040, "arm": "REPLACE", "assay": "lifetime"}
{"committed_jobs": 324, "world": 501041, "arm": "V1", "assay": "lifetime"}
{"committed_jobs": 325, "world": 501042, "arm": "V1", "assay": "reuse"}
{"committed_jobs": 326, "world": 501040, "arm": "BOTH", "assay": "lifetime"}
{"committed_jobs": 327, "world": 501042, "arm": "ERROR", "assay": "reuse"}
{"committed_jobs": 328, "world": 501041, "arm": "ERROR", "assay": "lifetime"}
{"committed_jobs": 329, "world": 501042, "arm": "REPLACE", "assay": "reuse"}
{"committed_jobs": 330, "world": 501042, "arm": "BOTH", "assay": "reuse"}
{"committed_jobs": 331, "world": 501041, "arm": "REPLACE", "assay": "lifetime"}
{"committed_jobs": 332, "world": 501043, "arm": "V1", "assay": "reuse"}
{"committed_jobs": 333, "world": 501041, "arm": "BOTH", "assay": "lifetime"}
{"committed_jobs": 334, "world": 501042, "arm": "V1", "assay": "lifetime"}
{"committed_jobs": 335, "world": 501043, "arm": "ERROR", "assay": "reuse"}
{"committed_jobs": 336, "world": 501043, "arm": "REPLACE", "assay": "reuse"}
{"committed_jobs": 337, "world": 501042, "arm": "ERROR", "assay": "lifetime"}
{"committed_jobs": 338, "world": 501043, "arm": "BOTH", "assay": "reuse"}
{"committed_jobs": 339, "world": 501042, "arm": "REPLACE", "assay": "lifetime"}
{"committed_jobs": 340, "world": 501042, "arm": "BOTH", "assay": "lifetime"}
{"committed_jobs": 341, "world": 501044, "arm": "V1", "assay": "reuse"}
{"committed_jobs": 342, "world": 501043, "arm": "V1", "assay": "lifetime"}
{"committed_jobs": 343, "world": 501044, "arm": "ERROR", "assay": "reuse"}
{"committed_jobs": 344, "world": 501044, "arm": "REPLACE", "assay": "reuse"}
{"committed_jobs": 345, "world": 501043, "arm": "ERROR", "assay": "lifetime"}
{"committed_jobs": 346, "world": 501044, "arm": "BOTH", "assay": "reuse"}
{"committed_jobs": 347, "world": 501043, "arm": "REPLACE", "assay": "lifetime"}
{"committed_jobs": 348, "world": 501045, "arm": "V1", "assay": "reuse"}
{"committed_jobs": 349, "world": 501043, "arm": "BOTH", "assay": "lifetime"}
{"committed_jobs": 350, "world": 501044, "arm": "V1", "assay": "lifetime"}
{"committed_jobs": 351, "world": 501045, "arm": "ERROR", "assay": "reuse"}
{"committed_jobs": 352, "world": 501044, "arm": "ERROR", "assay": "lifetime"}
{"committed_jobs": 353, "world": 501045, "arm": "REPLACE", "assay": "reuse"}
{"committed_jobs": 354, "world": 501045, "arm": "BOTH", "assay": "reuse"}
{"committed_jobs": 355, "world": 501044, "arm": "REPLACE", "assay": "lifetime"}
{"committed_jobs": 356, "world": 501046, "arm": "V1", "assay": "reuse"}
{"committed_jobs": 357, "world": 501045, "arm": "V1", "assay": "lifetime"}
{"committed_jobs": 358, "world": 501044, "arm": "BOTH", "assay": "lifetime"}
{"committed_jobs": 359, "world": 501046, "arm": "ERROR", "assay": "reuse"}
{"committed_jobs": 360, "world": 501046, "arm": "REPLACE", "assay": "reuse"}
{"committed_jobs": 361, "world": 501045, "arm": "ERROR", "assay": "lifetime"}
{"committed_jobs": 362, "world": 501046, "arm": "BOTH", "assay": "reuse"}
{"committed_jobs": 363, "world": 501045, "arm": "REPLACE", "assay": "lifetime"}
{"committed_jobs": 364, "world": 501047, "arm": "V1", "assay": "reuse"}
{"committed_jobs": 365, "world": 501045, "arm": "BOTH", "assay": "lifetime"}
{"committed_jobs": 366, "world": 501046, "arm": "V1", "assay": "lifetime"}
{"committed_jobs": 367, "world": 501047, "arm": "ERROR", "assay": "reuse"}
{"committed_jobs": 368, "world": 501046, "arm": "ERROR", "assay": "lifetime"}
{"committed_jobs": 369, "world": 501047, "arm": "REPLACE", "assay": "reuse"}
{"committed_jobs": 370, "world": 501047, "arm": "BOTH", "assay": "reuse"}
{"committed_jobs": 371, "world": 501046, "arm": "REPLACE", "assay": "lifetime"}
{"committed_jobs": 372, "world": 501046, "arm": "BOTH", "assay": "lifetime"}
{"committed_jobs": 373, "world": 501048, "arm": "V1", "assay": "reuse"}
{"committed_jobs": 374, "world": 501047, "arm": "V1", "assay": "lifetime"}
{"committed_jobs": 375, "world": 501048, "arm": "ERROR", "assay": "reuse"}
{"committed_jobs": 376, "world": 501048, "arm": "REPLACE", "assay": "reuse"}
{"committed_jobs": 377, "world": 501047, "arm": "ERROR", "assay": "lifetime"}
{"committed_jobs": 378, "world": 501048, "arm": "BOTH", "assay": "reuse"}
{"committed_jobs": 379, "world": 501047, "arm": "REPLACE", "assay": "lifetime"}
{"committed_jobs": 380, "world": 501047, "arm": "BOTH", "assay": "lifetime"}
{"committed_jobs": 381, "world": 501049, "arm": "V1", "assay": "reuse"}
{"committed_jobs": 382, "world": 501048, "arm": "V1", "assay": "lifetime"}
{"committed_jobs": 383, "world": 501049, "arm": "ERROR", "assay": "reuse"}
{"committed_jobs": 384, "world": 501049, "arm": "REPLACE", "assay": "reuse"}
{"committed_jobs": 385, "world": 501048, "arm": "ERROR", "assay": "lifetime"}
{"committed_jobs": 386, "world": 501049, "arm": "BOTH", "assay": "reuse"}
{"committed_jobs": 387, "world": 501048, "arm": "REPLACE", "assay": "lifetime"}
{"committed_jobs": 388, "world": 501050, "arm": "V1", "assay": "reuse"}
{"committed_jobs": 389, "world": 501048, "arm": "BOTH", "assay": "lifetime"}
{"committed_jobs": 390, "world": 501049, "arm": "V1", "assay": "lifetime"}
{"committed_jobs": 391, "world": 501050, "arm": "ERROR", "assay": "reuse"}
{"committed_jobs": 392, "world": 501049, "arm": "ERROR", "assay": "lifetime"}
{"committed_jobs": 393, "world": 501050, "arm": "REPLACE", "assay": "reuse"}
{"committed_jobs": 394, "world": 501050, "arm": "BOTH", "assay": "reuse"}
{"committed_jobs": 395, "world": 501049, "arm": "REPLACE", "assay": "lifetime"}
{"committed_jobs": 396, "world": 501049, "arm": "BOTH", "assay": "lifetime"}
{"committed_jobs": 397, "world": 501051, "arm": "V1", "assay": "reuse"}
{"committed_jobs": 398, "world": 501050, "arm": "V1", "assay": "lifetime"}
{"committed_jobs": 399, "world": 501051, "arm": "ERROR", "assay": "reuse"}
{"committed_jobs": 400, "world": 501051, "arm": "REPLACE", "assay": "reuse"}
{"committed_jobs": 401, "world": 501050, "arm": "ERROR", "assay": "lifetime"}
{"committed_jobs": 402, "world": 501051, "arm": "BOTH", "assay": "reuse"}
{"committed_jobs": 403, "world": 501050, "arm": "REPLACE", "assay": "lifetime"}
{"committed_jobs": 404, "world": 501052, "arm": "V1", "assay": "reuse"}
{"committed_jobs": 405, "world": 501051, "arm": "V1", "assay": "lifetime"}
{"committed_jobs": 406, "world": 501050, "arm": "BOTH", "assay": "lifetime"}
{"committed_jobs": 407, "world": 501052, "arm": "ERROR", "assay": "reuse"}
{"committed_jobs": 408, "world": 501052, "arm": "REPLACE", "assay": "reuse"}
{"committed_jobs": 409, "world": 501051, "arm": "ERROR", "assay": "lifetime"}
{"committed_jobs": 410, "world": 501052, "arm": "BOTH", "assay": "reuse"}
{"committed_jobs": 411, "world": 501051, "arm": "REPLACE", "assay": "lifetime"}
{"committed_jobs": 412, "world": 501053, "arm": "V1", "assay": "reuse"}
{"committed_jobs": 413, "world": 501051, "arm": "BOTH", "assay": "lifetime"}
{"committed_jobs": 414, "world": 501052, "arm": "V1", "assay": "lifetime"}
{"committed_jobs": 415, "world": 501053, "arm": "ERROR", "assay": "reuse"}
{"committed_jobs": 416, "world": 501053, "arm": "REPLACE", "assay": "reuse"}
{"committed_jobs": 417, "world": 501052, "arm": "ERROR", "assay": "lifetime"}
{"committed_jobs": 418, "world": 501053, "arm": "BOTH", "assay": "reuse"}
{"committed_jobs": 419, "world": 501052, "arm": "REPLACE", "assay": "lifetime"}
{"committed_jobs": 420, "world": 501054, "arm": "V1", "assay": "reuse"}
{"committed_jobs": 421, "world": 501052, "arm": "BOTH", "assay": "lifetime"}
{"committed_jobs": 422, "world": 501053, "arm": "V1", "assay": "lifetime"}
{"committed_jobs": 423, "world": 501054, "arm": "ERROR", "assay": "reuse"}
{"committed_jobs": 424, "world": 501054, "arm": "REPLACE", "assay": "reuse"}
{"committed_jobs": 425, "world": 501053, "arm": "ERROR", "assay": "lifetime"}
{"committed_jobs": 426, "world": 501054, "arm": "BOTH", "assay": "reuse"}
{"committed_jobs": 427, "world": 501053, "arm": "REPLACE", "assay": "lifetime"}
{"committed_jobs": 428, "world": 501055, "arm": "V1", "assay": "reuse"}
{"committed_jobs": 429, "world": 501053, "arm": "BOTH", "assay": "lifetime"}
{"committed_jobs": 430, "world": 501054, "arm": "V1", "assay": "lifetime"}
{"committed_jobs": 431, "world": 501055, "arm": "ERROR", "assay": "reuse"}
{"committed_jobs": 432, "world": 501054, "arm": "ERROR", "assay": "lifetime"}
{"committed_jobs": 433, "world": 501055, "arm": "REPLACE", "assay": "reuse"}
{"committed_jobs": 434, "world": 501055, "arm": "BOTH", "assay": "reuse"}
{"committed_jobs": 435, "world": 501054, "arm": "REPLACE", "assay": "lifetime"}
{"committed_jobs": 436, "world": 501056, "arm": "V1", "assay": "reuse"}
{"committed_jobs": 437, "world": 501054, "arm": "BOTH", "assay": "lifetime"}
{"committed_jobs": 438, "world": 501055, "arm": "V1", "assay": "lifetime"}
{"committed_jobs": 439, "world": 501056, "arm": "ERROR", "assay": "reuse"}
{"committed_jobs": 440, "world": 501056, "arm": "REPLACE", "assay": "reuse"}
{"committed_jobs": 441, "world": 501055, "arm": "ERROR", "assay": "lifetime"}
{"committed_jobs": 442, "world": 501056, "arm": "BOTH", "assay": "reuse"}
{"committed_jobs": 443, "world": 501055, "arm": "REPLACE", "assay": "lifetime"}
{"committed_jobs": 444, "world": 501055, "arm": "BOTH", "assay": "lifetime"}
{"committed_jobs": 445, "world": 501057, "arm": "V1", "assay": "reuse"}
{"committed_jobs": 446, "world": 501056, "arm": "V1", "assay": "lifetime"}
{"committed_jobs": 447, "world": 501057, "arm": "ERROR", "assay": "reuse"}
{"committed_jobs": 448, "world": 501057, "arm": "REPLACE", "assay": "reuse"}
{"committed_jobs": 449, "world": 501056, "arm": "ERROR", "assay": "lifetime"}
{"committed_jobs": 450, "world": 501057, "arm": "BOTH", "assay": "reuse"}
{"committed_jobs": 451, "world": 501056, "arm": "REPLACE", "assay": "lifetime"}
{"committed_jobs": 452, "world": 501058, "arm": "V1", "assay": "reuse"}
{"committed_jobs": 453, "world": 501056, "arm": "BOTH", "assay": "lifetime"}
{"committed_jobs": 454, "world": 501057, "arm": "V1", "assay": "lifetime"}
{"committed_jobs": 455, "world": 501058, "arm": "ERROR", "assay": "reuse"}
{"committed_jobs": 456, "world": 501058, "arm": "REPLACE", "assay": "reuse"}
{"committed_jobs": 457, "world": 501057, "arm": "ERROR", "assay": "lifetime"}
{"committed_jobs": 458, "world": 501058, "arm": "BOTH", "assay": "reuse"}
{"committed_jobs": 459, "world": 501057, "arm": "REPLACE", "assay": "lifetime"}
{"committed_jobs": 460, "world": 501059, "arm": "V1", "assay": "reuse"}
{"committed_jobs": 461, "world": 501057, "arm": "BOTH", "assay": "lifetime"}
{"committed_jobs": 462, "world": 501058, "arm": "V1", "assay": "lifetime"}
{"committed_jobs": 463, "world": 501059, "arm": "ERROR", "assay": "reuse"}
{"committed_jobs": 464, "world": 501058, "arm": "ERROR", "assay": "lifetime"}
{"committed_jobs": 465, "world": 501059, "arm": "REPLACE", "assay": "reuse"}
{"committed_jobs": 466, "world": 501059, "arm": "BOTH", "assay": "reuse"}
{"committed_jobs": 467, "world": 501058, "arm": "REPLACE", "assay": "lifetime"}
{"committed_jobs": 468, "world": 501058, "arm": "BOTH", "assay": "lifetime"}
{"committed_jobs": 469, "world": 501060, "arm": "V1", "assay": "reuse"}
{"committed_jobs": 470, "world": 501059, "arm": "V1", "assay": "lifetime"}
{"committed_jobs": 471, "world": 501060, "arm": "ERROR", "assay": "reuse"}
{"committed_jobs": 472, "world": 501059, "arm": "ERROR", "assay": "lifetime"}
{"committed_jobs": 473, "world": 501060, "arm": "REPLACE", "assay": "reuse"}
{"committed_jobs": 474, "world": 501060, "arm": "BOTH", "assay": "reuse"}
{"committed_jobs": 475, "world": 501059, "arm": "REPLACE", "assay": "lifetime"}
{"committed_jobs": 476, "world": 501061, "arm": "V1", "assay": "reuse"}
{"committed_jobs": 477, "world": 501059, "arm": "BOTH", "assay": "lifetime"}
{"committed_jobs": 478, "world": 501060, "arm": "V1", "assay": "lifetime"}
{"committed_jobs": 479, "world": 501061, "arm": "ERROR", "assay": "reuse"}
{"committed_jobs": 480, "world": 501060, "arm": "ERROR", "assay": "lifetime"}
{"committed_jobs": 481, "world": 501061, "arm": "REPLACE", "assay": "reuse"}
{"committed_jobs": 482, "world": 501061, "arm": "BOTH", "assay": "reuse"}
{"committed_jobs": 483, "world": 501060, "arm": "REPLACE", "assay": "lifetime"}
{"committed_jobs": 484, "world": 501062, "arm": "V1", "assay": "reuse"}
{"committed_jobs": 485, "world": 501060, "arm": "BOTH", "assay": "lifetime"}
{"committed_jobs": 486, "world": 501061, "arm": "V1", "assay": "lifetime"}
{"committed_jobs": 487, "world": 501062, "arm": "ERROR", "assay": "reuse"}
{"committed_jobs": 488, "world": 501062, "arm": "REPLACE", "assay": "reuse"}
{"committed_jobs": 489, "world": 501061, "arm": "ERROR", "assay": "lifetime"}
{"committed_jobs": 490, "world": 501062, "arm": "BOTH", "assay": "reuse"}
{"committed_jobs": 491, "world": 501061, "arm": "REPLACE", "assay": "lifetime"}
{"committed_jobs": 492, "world": 501063, "arm": "V1", "assay": "reuse"}
{"committed_jobs": 493, "world": 501061, "arm": "BOTH", "assay": "lifetime"}
{"committed_jobs": 494, "world": 501062, "arm": "V1", "assay": "lifetime"}
{"committed_jobs": 495, "world": 501063, "arm": "ERROR", "assay": "reuse"}
{"committed_jobs": 496, "world": 501063, "arm": "REPLACE", "assay": "reuse"}
{"committed_jobs": 497, "world": 501062, "arm": "ERROR", "assay": "lifetime"}
{"committed_jobs": 498, "world": 501063, "arm": "BOTH", "assay": "reuse"}
{"committed_jobs": 499, "world": 501062, "arm": "REPLACE", "assay": "lifetime"}
{"committed_jobs": 500, "world": 501064, "arm": "V1", "assay": "reuse"}
{"committed_jobs": 501, "world": 501062, "arm": "BOTH", "assay": "lifetime"}
{"committed_jobs": 502, "world": 501063, "arm": "V1", "assay": "lifetime"}
{"committed_jobs": 503, "world": 501064, "arm": "ERROR", "assay": "reuse"}
{"committed_jobs": 504, "world": 501063, "arm": "ERROR", "assay": "lifetime"}
{"committed_jobs": 505, "world": 501064, "arm": "REPLACE", "assay": "reuse"}
{"committed_jobs": 506, "world": 501064, "arm": "BOTH", "assay": "reuse"}
{"committed_jobs": 507, "world": 501063, "arm": "REPLACE", "assay": "lifetime"}
{"committed_jobs": 508, "world": 501063, "arm": "BOTH", "assay": "lifetime"}
{"committed_jobs": 509, "world": 501065, "arm": "V1", "assay": "reuse"}
{"committed_jobs": 510, "world": 501064, "arm": "V1", "assay": "lifetime"}
{"committed_jobs": 511, "world": 501065, "arm": "ERROR", "assay": "reuse"}
{"committed_jobs": 512, "world": 501065, "arm": "REPLACE", "assay": "reuse"}
{"committed_jobs": 513, "world": 501064, "arm": "ERROR", "assay": "lifetime"}
{"committed_jobs": 514, "world": 501065, "arm": "BOTH", "assay": "reuse"}
{"committed_jobs": 515, "world": 501064, "arm": "REPLACE", "assay": "lifetime"}
{"committed_jobs": 516, "world": 501066, "arm": "V1", "assay": "reuse"}
{"committed_jobs": 517, "world": 501064, "arm": "BOTH", "assay": "lifetime"}
{"committed_jobs": 518, "world": 501065, "arm": "V1", "assay": "lifetime"}
{"committed_jobs": 519, "world": 501066, "arm": "ERROR", "assay": "reuse"}
{"committed_jobs": 520, "world": 501065, "arm": "ERROR", "assay": "lifetime"}
{"committed_jobs": 521, "world": 501066, "arm": "REPLACE", "assay": "reuse"}
{"committed_jobs": 522, "world": 501066, "arm": "BOTH", "assay": "reuse"}
{"committed_jobs": 523, "world": 501065, "arm": "REPLACE", "assay": "lifetime"}
{"committed_jobs": 524, "world": 501065, "arm": "BOTH", "assay": "lifetime"}
{"committed_jobs": 525, "world": 501067, "arm": "V1", "assay": "reuse"}
{"committed_jobs": 526, "world": 501066, "arm": "V1", "assay": "lifetime"}
{"committed_jobs": 527, "world": 501067, "arm": "ERROR", "assay": "reuse"}
{"committed_jobs": 528, "world": 501066, "arm": "ERROR", "assay": "lifetime"}
{"committed_jobs": 529, "world": 501067, "arm": "REPLACE", "assay": "reuse"}
{"committed_jobs": 530, "world": 501067, "arm": "BOTH", "assay": "reuse"}
{"committed_jobs": 531, "world": 501066, "arm": "REPLACE", "assay": "lifetime"}
{"committed_jobs": 532, "world": 501068, "arm": "V1", "assay": "reuse"}
{"committed_jobs": 533, "world": 501066, "arm": "BOTH", "assay": "lifetime"}
{"committed_jobs": 534, "world": 501067, "arm": "V1", "assay": "lifetime"}
{"committed_jobs": 535, "world": 501068, "arm": "ERROR", "assay": "reuse"}
{"committed_jobs": 536, "world": 501068, "arm": "REPLACE", "assay": "reuse"}
{"committed_jobs": 537, "world": 501067, "arm": "ERROR", "assay": "lifetime"}
{"committed_jobs": 538, "world": 501068, "arm": "BOTH", "assay": "reuse"}
{"committed_jobs": 539, "world": 501067, "arm": "REPLACE", "assay": "lifetime"}
{"committed_jobs": 540, "world": 501069, "arm": "V1", "assay": "reuse"}
{"committed_jobs": 541, "world": 501067, "arm": "BOTH", "assay": "lifetime"}
{"committed_jobs": 542, "world": 501068, "arm": "V1", "assay": "lifetime"}
{"committed_jobs": 543, "world": 501069, "arm": "ERROR", "assay": "reuse"}
{"committed_jobs": 544, "world": 501068, "arm": "ERROR", "assay": "lifetime"}
{"committed_jobs": 545, "world": 501069, "arm": "REPLACE", "assay": "reuse"}
{"committed_jobs": 546, "world": 501069, "arm": "BOTH", "assay": "reuse"}
{"committed_jobs": 547, "world": 501068, "arm": "REPLACE", "assay": "lifetime"}
{"committed_jobs": 548, "world": 501070, "arm": "V1", "assay": "reuse"}
{"committed_jobs": 549, "world": 501069, "arm": "V1", "assay": "lifetime"}
{"committed_jobs": 550, "world": 501068, "arm": "BOTH", "assay": "lifetime"}
{"committed_jobs": 551, "world": 501070, "arm": "ERROR", "assay": "reuse"}
{"committed_jobs": 552, "world": 501069, "arm": "ERROR", "assay": "lifetime"}
{"committed_jobs": 553, "world": 501070, "arm": "REPLACE", "assay": "reuse"}
{"committed_jobs": 554, "world": 501070, "arm": "BOTH", "assay": "reuse"}
{"committed_jobs": 555, "world": 501069, "arm": "REPLACE", "assay": "lifetime"}
{"committed_jobs": 556, "world": 501069, "arm": "BOTH", "assay": "lifetime"}
{"committed_jobs": 557, "world": 501071, "arm": "V1", "assay": "reuse"}
{"committed_jobs": 558, "world": 501070, "arm": "V1", "assay": "lifetime"}
{"committed_jobs": 559, "world": 501071, "arm": "ERROR", "assay": "reuse"}
{"committed_jobs": 560, "world": 501071, "arm": "REPLACE", "assay": "reuse"}
{"committed_jobs": 561, "world": 501070, "arm": "ERROR", "assay": "lifetime"}
{"committed_jobs": 562, "world": 501071, "arm": "BOTH", "assay": "reuse"}
{"committed_jobs": 563, "world": 501070, "arm": "REPLACE", "assay": "lifetime"}
{"committed_jobs": 564, "world": 501072, "arm": "V1", "assay": "reuse"}
{"committed_jobs": 565, "world": 501070, "arm": "BOTH", "assay": "lifetime"}
{"committed_jobs": 566, "world": 501071, "arm": "V1", "assay": "lifetime"}
{"committed_jobs": 567, "world": 501072, "arm": "ERROR", "assay": "reuse"}
{"committed_jobs": 568, "world": 501072, "arm": "REPLACE", "assay": "reuse"}
{"committed_jobs": 569, "world": 501071, "arm": "ERROR", "assay": "lifetime"}
{"committed_jobs": 570, "world": 501072, "arm": "BOTH", "assay": "reuse"}
{"committed_jobs": 571, "world": 501071, "arm": "REPLACE", "assay": "lifetime"}
{"committed_jobs": 572, "world": 501073, "arm": "V1", "assay": "reuse"}
{"committed_jobs": 573, "world": 501071, "arm": "BOTH", "assay": "lifetime"}
{"committed_jobs": 574, "world": 501072, "arm": "V1", "assay": "lifetime"}
{"committed_jobs": 575, "world": 501073, "arm": "ERROR", "assay": "reuse"}
{"committed_jobs": 576, "world": 501073, "arm": "REPLACE", "assay": "reuse"}
{"committed_jobs": 577, "world": 501072, "arm": "ERROR", "assay": "lifetime"}
{"committed_jobs": 578, "world": 501073, "arm": "BOTH", "assay": "reuse"}
{"committed_jobs": 579, "world": 501072, "arm": "REPLACE", "assay": "lifetime"}
{"committed_jobs": 580, "world": 501074, "arm": "V1", "assay": "reuse"}
{"committed_jobs": 581, "world": 501072, "arm": "BOTH", "assay": "lifetime"}
{"committed_jobs": 582, "world": 501073, "arm": "V1", "assay": "lifetime"}
{"committed_jobs": 583, "world": 501074, "arm": "ERROR", "assay": "reuse"}
{"committed_jobs": 584, "world": 501074, "arm": "REPLACE", "assay": "reuse"}
{"committed_jobs": 585, "world": 501073, "arm": "ERROR", "assay": "lifetime"}
{"committed_jobs": 586, "world": 501074, "arm": "BOTH", "assay": "reuse"}
{"committed_jobs": 587, "world": 501073, "arm": "REPLACE", "assay": "lifetime"}
{"committed_jobs": 588, "world": 501075, "arm": "V1", "assay": "reuse"}
{"committed_jobs": 589, "world": 501073, "arm": "BOTH", "assay": "lifetime"}
{"committed_jobs": 590, "world": 501074, "arm": "V1", "assay": "lifetime"}
{"committed_jobs": 591, "world": 501075, "arm": "ERROR", "assay": "reuse"}
{"committed_jobs": 592, "world": 501075, "arm": "REPLACE", "assay": "reuse"}
{"committed_jobs": 593, "world": 501074, "arm": "ERROR", "assay": "lifetime"}
{"committed_jobs": 594, "world": 501075, "arm": "BOTH", "assay": "reuse"}
{"committed_jobs": 595, "world": 501074, "arm": "REPLACE", "assay": "lifetime"}
{"committed_jobs": 596, "world": 501074, "arm": "BOTH", "assay": "lifetime"}
{"committed_jobs": 597, "world": 501076, "arm": "V1", "assay": "reuse"}
{"committed_jobs": 598, "world": 501075, "arm": "V1", "assay": "lifetime"}
{"committed_jobs": 599, "world": 501076, "arm": "ERROR", "assay": "reuse"}
{"committed_jobs": 600, "world": 501076, "arm": "REPLACE", "assay": "reuse"}
{"committed_jobs": 601, "world": 501075, "arm": "ERROR", "assay": "lifetime"}
{"committed_jobs": 602, "world": 501076, "arm": "BOTH", "assay": "reuse"}
{"committed_jobs": 603, "world": 501075, "arm": "REPLACE", "assay": "lifetime"}
{"committed_jobs": 604, "world": 501075, "arm": "BOTH", "assay": "lifetime"}
{"committed_jobs": 605, "world": 501077, "arm": "V1", "assay": "reuse"}
{"committed_jobs": 606, "world": 501076, "arm": "V1", "assay": "lifetime"}
{"committed_jobs": 607, "world": 501077, "arm": "ERROR", "assay": "reuse"}
{"committed_jobs": 608, "world": 501076, "arm": "ERROR", "assay": "lifetime"}
{"committed_jobs": 609, "world": 501077, "arm": "REPLACE", "assay": "reuse"}
{"committed_jobs": 610, "world": 501077, "arm": "BOTH", "assay": "reuse"}
{"committed_jobs": 611, "world": 501076, "arm": "REPLACE", "assay": "lifetime"}
{"committed_jobs": 612, "world": 501078, "arm": "V1", "assay": "reuse"}
{"committed_jobs": 613, "world": 501076, "arm": "BOTH", "assay": "lifetime"}
{"committed_jobs": 614, "world": 501077, "arm": "V1", "assay": "lifetime"}
{"committed_jobs": 615, "world": 501078, "arm": "ERROR", "assay": "reuse"}
{"committed_jobs": 616, "world": 501078, "arm": "REPLACE", "assay": "reuse"}
{"committed_jobs": 617, "world": 501077, "arm": "ERROR", "assay": "lifetime"}
{"committed_jobs": 618, "world": 501077, "arm": "REPLACE", "assay": "lifetime"}
{"committed_jobs": 619, "world": 501078, "arm": "BOTH", "assay": "reuse"}
{"committed_jobs": 620, "world": 501079, "arm": "V1", "assay": "reuse"}
{"committed_jobs": 621, "world": 501077, "arm": "BOTH", "assay": "lifetime"}
{"committed_jobs": 622, "world": 501078, "arm": "V1", "assay": "lifetime"}
{"committed_jobs": 623, "world": 501079, "arm": "ERROR", "assay": "reuse"}
{"committed_jobs": 624, "world": 501079, "arm": "REPLACE", "assay": "reuse"}
{"committed_jobs": 625, "world": 501078, "arm": "ERROR", "assay": "lifetime"}
{"committed_jobs": 626, "world": 501079, "arm": "BOTH", "assay": "reuse"}
{"committed_jobs": 627, "world": 501078, "arm": "REPLACE", "assay": "lifetime"}
{"committed_jobs": 628, "world": 501080, "arm": "V1", "assay": "reuse"}
{"committed_jobs": 629, "world": 501078, "arm": "BOTH", "assay": "lifetime"}
{"committed_jobs": 630, "world": 501079, "arm": "V1", "assay": "lifetime"}
{"committed_jobs": 631, "world": 501080, "arm": "ERROR", "assay": "reuse"}
{"committed_jobs": 632, "world": 501079, "arm": "ERROR", "assay": "lifetime"}
{"committed_jobs": 633, "world": 501080, "arm": "REPLACE", "assay": "reuse"}
{"committed_jobs": 634, "world": 501080, "arm": "BOTH", "assay": "reuse"}
{"committed_jobs": 635, "world": 501079, "arm": "REPLACE", "assay": "lifetime"}
{"committed_jobs": 636, "world": 501081, "arm": "V1", "assay": "reuse"}
{"committed_jobs": 637, "world": 501079, "arm": "BOTH", "assay": "lifetime"}
{"committed_jobs": 638, "world": 501080, "arm": "V1", "assay": "lifetime"}
{"committed_jobs": 639, "world": 501081, "arm": "ERROR", "assay": "reuse"}
{"committed_jobs": 640, "world": 501081, "arm": "REPLACE", "assay": "reuse"}
{"committed_jobs": 641, "world": 501080, "arm": "ERROR", "assay": "lifetime"}
{"committed_jobs": 642, "world": 501081, "arm": "BOTH", "assay": "reuse"}
{"committed_jobs": 643, "world": 501080, "arm": "REPLACE", "assay": "lifetime"}
{"committed_jobs": 644, "world": 501080, "arm": "BOTH", "assay": "lifetime"}
{"committed_jobs": 645, "world": 501082, "arm": "V1", "assay": "reuse"}
{"committed_jobs": 646, "world": 501081, "arm": "V1", "assay": "lifetime"}
{"committed_jobs": 647, "world": 501082, "arm": "ERROR", "assay": "reuse"}
{"committed_jobs": 648, "world": 501082, "arm": "REPLACE", "assay": "reuse"}
{"committed_jobs": 649, "world": 501081, "arm": "ERROR", "assay": "lifetime"}
{"committed_jobs": 650, "world": 501082, "arm": "BOTH", "assay": "reuse"}
{"committed_jobs": 651, "world": 501081, "arm": "REPLACE", "assay": "lifetime"}
{"committed_jobs": 652, "world": 501083, "arm": "V1", "assay": "reuse"}
{"committed_jobs": 653, "world": 501081, "arm": "BOTH", "assay": "lifetime"}
{"committed_jobs": 654, "world": 501082, "arm": "V1", "assay": "lifetime"}
{"committed_jobs": 655, "world": 501083, "arm": "ERROR", "assay": "reuse"}
{"committed_jobs": 656, "world": 501082, "arm": "ERROR", "assay": "lifetime"}
{"committed_jobs": 657, "world": 501083, "arm": "REPLACE", "assay": "reuse"}
{"committed_jobs": 658, "world": 501083, "arm": "BOTH", "assay": "reuse"}
{"committed_jobs": 659, "world": 501082, "arm": "REPLACE", "assay": "lifetime"}
{"committed_jobs": 660, "world": 501082, "arm": "BOTH", "assay": "lifetime"}
{"committed_jobs": 661, "world": 501084, "arm": "V1", "assay": "reuse"}
{"committed_jobs": 662, "world": 501083, "arm": "V1", "assay": "lifetime"}
{"committed_jobs": 663, "world": 501084, "arm": "ERROR", "assay": "reuse"}
{"committed_jobs": 664, "world": 501084, "arm": "REPLACE", "assay": "reuse"}
{"committed_jobs": 665, "world": 501083, "arm": "ERROR", "assay": "lifetime"}
{"committed_jobs": 666, "world": 501084, "arm": "BOTH", "assay": "reuse"}
{"committed_jobs": 667, "world": 501083, "arm": "REPLACE", "assay": "lifetime"}
{"committed_jobs": 668, "world": 501083, "arm": "BOTH", "assay": "lifetime"}
{"committed_jobs": 669, "world": 501085, "arm": "V1", "assay": "reuse"}
{"committed_jobs": 670, "world": 501084, "arm": "V1", "assay": "lifetime"}
{"committed_jobs": 671, "world": 501085, "arm": "ERROR", "assay": "reuse"}
{"committed_jobs": 672, "world": 501085, "arm": "REPLACE", "assay": "reuse"}
{"committed_jobs": 673, "world": 501084, "arm": "ERROR", "assay": "lifetime"}
{"committed_jobs": 674, "world": 501085, "arm": "BOTH", "assay": "reuse"}
{"committed_jobs": 675, "world": 501084, "arm": "REPLACE", "assay": "lifetime"}
{"committed_jobs": 676, "world": 501086, "arm": "V1", "assay": "reuse"}
{"committed_jobs": 677, "world": 501084, "arm": "BOTH", "assay": "lifetime"}
{"committed_jobs": 678, "world": 501085, "arm": "V1", "assay": "lifetime"}
{"committed_jobs": 679, "world": 501086, "arm": "ERROR", "assay": "reuse"}
{"committed_jobs": 680, "world": 501085, "arm": "ERROR", "assay": "lifetime"}
{"committed_jobs": 681, "world": 501086, "arm": "REPLACE", "assay": "reuse"}
{"committed_jobs": 682, "world": 501086, "arm": "BOTH", "assay": "reuse"}
{"committed_jobs": 683, "world": 501085, "arm": "REPLACE", "assay": "lifetime"}
{"committed_jobs": 684, "world": 501087, "arm": "V1", "assay": "reuse"}
{"committed_jobs": 685, "world": 501085, "arm": "BOTH", "assay": "lifetime"}
{"committed_jobs": 686, "world": 501086, "arm": "V1", "assay": "lifetime"}
{"committed_jobs": 687, "world": 501087, "arm": "ERROR", "assay": "reuse"}
{"committed_jobs": 688, "world": 501087, "arm": "REPLACE", "assay": "reuse"}
{"committed_jobs": 689, "world": 501086, "arm": "ERROR", "assay": "lifetime"}
{"committed_jobs": 690, "world": 501087, "arm": "BOTH", "assay": "reuse"}
{"committed_jobs": 691, "world": 501086, "arm": "REPLACE", "assay": "lifetime"}
{"committed_jobs": 692, "world": 501088, "arm": "V1", "assay": "reuse"}
{"committed_jobs": 693, "world": 501086, "arm": "BOTH", "assay": "lifetime"}
{"committed_jobs": 694, "world": 501087, "arm": "V1", "assay": "lifetime"}
{"committed_jobs": 695, "world": 501088, "arm": "ERROR", "assay": "reuse"}
{"committed_jobs": 696, "world": 501088, "arm": "REPLACE", "assay": "reuse"}
{"committed_jobs": 697, "world": 501087, "arm": "ERROR", "assay": "lifetime"}
{"committed_jobs": 698, "world": 501088, "arm": "BOTH", "assay": "reuse"}
{"committed_jobs": 699, "world": 501087, "arm": "REPLACE", "assay": "lifetime"}
{"committed_jobs": 700, "world": 501089, "arm": "V1", "assay": "reuse"}
{"committed_jobs": 701, "world": 501087, "arm": "BOTH", "assay": "lifetime"}
{"committed_jobs": 702, "world": 501088, "arm": "V1", "assay": "lifetime"}
{"committed_jobs": 703, "world": 501089, "arm": "ERROR", "assay": "reuse"}
{"committed_jobs": 704, "world": 501088, "arm": "ERROR", "assay": "lifetime"}
{"committed_jobs": 705, "world": 501089, "arm": "REPLACE", "assay": "reuse"}
{"committed_jobs": 706, "world": 501089, "arm": "BOTH", "assay": "reuse"}
{"committed_jobs": 707, "world": 501088, "arm": "REPLACE", "assay": "lifetime"}
{"committed_jobs": 708, "world": 501090, "arm": "V1", "assay": "reuse"}
{"committed_jobs": 709, "world": 501088, "arm": "BOTH", "assay": "lifetime"}
{"committed_jobs": 710, "world": 501089, "arm": "V1", "assay": "lifetime"}
{"committed_jobs": 711, "world": 501090, "arm": "ERROR", "assay": "reuse"}
{"committed_jobs": 712, "world": 501090, "arm": "REPLACE", "assay": "reuse"}
{"committed_jobs": 713, "world": 501089, "arm": "ERROR", "assay": "lifetime"}
{"committed_jobs": 714, "world": 501090, "arm": "BOTH", "assay": "reuse"}
{"committed_jobs": 715, "world": 501089, "arm": "REPLACE", "assay": "lifetime"}
{"committed_jobs": 716, "world": 501091, "arm": "V1", "assay": "reuse"}
{"committed_jobs": 717, "world": 501089, "arm": "BOTH", "assay": "lifetime"}
{"committed_jobs": 718, "world": 501090, "arm": "V1", "assay": "lifetime"}
{"committed_jobs": 719, "world": 501091, "arm": "ERROR", "assay": "reuse"}
{"committed_jobs": 720, "world": 501091, "arm": "REPLACE", "assay": "reuse"}
{"committed_jobs": 721, "world": 501090, "arm": "ERROR", "assay": "lifetime"}
{"committed_jobs": 722, "world": 501091, "arm": "BOTH", "assay": "reuse"}
{"committed_jobs": 723, "world": 501090, "arm": "REPLACE", "assay": "lifetime"}
{"committed_jobs": 724, "world": 501092, "arm": "V1", "assay": "reuse"}
{"committed_jobs": 725, "world": 501090, "arm": "BOTH", "assay": "lifetime"}
{"committed_jobs": 726, "world": 501091, "arm": "V1", "assay": "lifetime"}
{"committed_jobs": 727, "world": 501092, "arm": "ERROR", "assay": "reuse"}
{"committed_jobs": 728, "world": 501092, "arm": "REPLACE", "assay": "reuse"}
{"committed_jobs": 729, "world": 501091, "arm": "ERROR", "assay": "lifetime"}
{"committed_jobs": 730, "world": 501092, "arm": "BOTH", "assay": "reuse"}
{"committed_jobs": 731, "world": 501091, "arm": "REPLACE", "assay": "lifetime"}
{"committed_jobs": 732, "world": 501093, "arm": "V1", "assay": "reuse"}
{"committed_jobs": 733, "world": 501091, "arm": "BOTH", "assay": "lifetime"}
{"committed_jobs": 734, "world": 501092, "arm": "V1", "assay": "lifetime"}
{"committed_jobs": 735, "world": 501093, "arm": "ERROR", "assay": "reuse"}
{"committed_jobs": 736, "world": 501093, "arm": "REPLACE", "assay": "reuse"}
{"committed_jobs": 737, "world": 501092, "arm": "ERROR", "assay": "lifetime"}
{"committed_jobs": 738, "world": 501093, "arm": "BOTH", "assay": "reuse"}
{"committed_jobs": 739, "world": 501092, "arm": "REPLACE", "assay": "lifetime"}
{"committed_jobs": 740, "world": 501092, "arm": "BOTH", "assay": "lifetime"}
{"committed_jobs": 741, "world": 501094, "arm": "V1", "assay": "reuse"}
{"committed_jobs": 742, "world": 501093, "arm": "V1", "assay": "lifetime"}
{"committed_jobs": 743, "world": 501094, "arm": "ERROR", "assay": "reuse"}
{"committed_jobs": 744, "world": 501094, "arm": "REPLACE", "assay": "reuse"}
{"committed_jobs": 745, "world": 501093, "arm": "ERROR", "assay": "lifetime"}
{"committed_jobs": 746, "world": 501094, "arm": "BOTH", "assay": "reuse"}
{"committed_jobs": 747, "world": 501093, "arm": "REPLACE", "assay": "lifetime"}
{"committed_jobs": 748, "world": 501095, "arm": "V1", "assay": "reuse"}
{"committed_jobs": 749, "world": 501093, "arm": "BOTH", "assay": "lifetime"}
{"committed_jobs": 750, "world": 501094, "arm": "V1", "assay": "lifetime"}
{"committed_jobs": 751, "world": 501095, "arm": "ERROR", "assay": "reuse"}
{"committed_jobs": 752, "world": 501094, "arm": "ERROR", "assay": "lifetime"}
{"committed_jobs": 753, "world": 501095, "arm": "REPLACE", "assay": "reuse"}
{"committed_jobs": 754, "world": 501094, "arm": "REPLACE", "assay": "lifetime"}
{"committed_jobs": 755, "world": 501095, "arm": "BOTH", "assay": "reuse"}
{"committed_jobs": 756, "world": 501094, "arm": "BOTH", "assay": "lifetime"}
{"committed_jobs": 757, "world": 501096, "arm": "V1", "assay": "reuse"}
{"committed_jobs": 758, "world": 501095, "arm": "V1", "assay": "lifetime"}
{"committed_jobs": 759, "world": 501096, "arm": "ERROR", "assay": "reuse"}
{"committed_jobs": 760, "world": 501096, "arm": "REPLACE", "assay": "reuse"}
{"committed_jobs": 761, "world": 501095, "arm": "ERROR", "assay": "lifetime"}
{"committed_jobs": 762, "world": 501096, "arm": "BOTH", "assay": "reuse"}
{"committed_jobs": 763, "world": 501095, "arm": "REPLACE", "assay": "lifetime"}
{"committed_jobs": 764, "world": 501095, "arm": "BOTH", "assay": "lifetime"}
{"committed_jobs": 765, "world": 501096, "arm": "V1", "assay": "lifetime"}
{"committed_jobs": 766, "world": 501096, "arm": "ERROR", "assay": "lifetime"}
{"committed_jobs": 767, "world": 501096, "arm": "REPLACE", "assay": "lifetime"}
{"committed_jobs": 768, "world": 501096, "arm": "BOTH", "assay": "lifetime"}
[codex/persistent-core-v2-20261003 7b64ae2] Complete persistent core V2 factorial with lifecycle and reuse measurements
 1594 files changed, 50084 insertions(+)
 create mode 100644 persistent_core_v2_trial/ops/monitor/LAUNCH.json
 create mode 100644 persistent_core_v2_trial/ops/monitor/index.html
 create mode 100644 persistent_core_v2_trial/ops/monitor/monitor.py
 create mode 100644 persistent_core_v2_trial/ops/monitor/server.log
 create mode 100644 persistent_core_v2_trial/results/FINAL_AUDIT.json
 create mode 100644 persistent_core_v2_trial/results/REPORT.md
 create mode 100644 persistent_core_v2_trial/results/STATUS.json
 create mode 100644 persistent_core_v2_trial/results/SUMMARY.json
 create mode 100644 persistent_core_v2_trial/results/cycle1.log
 create mode 100644 persistent_core_v2_trial/results/cycle2.log
 create mode 100644 persistent_core_v2_trial/results/cycle3.log
 create mode 100644 persistent_core_v2_trial/results/development/cycle1/500101_BOTH_lifetime-1791061609077292000.log
 create mode 100644 persistent_core_v2_trial/results/development/cycle1/500101_BOTH_lifetime-1791061667213885000.log
 create mode 100644 persistent_core_v2_trial/results/development/cycle1/receipts/500101_BOTH_lifetime.json.gz
 create mode 100644 persistent_core_v2_trial/results/development/cycle2/500102_BOTH_lifetime-1791061770151807000.log
 create mode 100644 persistent_core_v2_trial/results/development/cycle2/500102_BOTH_reuse-1791061977796315000.log
 create mode 100644 persistent_core_v2_trial/results/development/cycle2/500102_ERROR_lifetime-1791061673462034000.log
 create mode 100644 persistent_core_v2_trial/results/development/cycle2/500102_ERROR_reuse-1791061673462118000.log
 create mode 100644 persistent_core_v2_trial/results/development/cycle2/500102_REPLACE_lifetime-1791061721469612000.log
 create mode 100644 persistent_core_v2_trial/results/development/cycle2/500102_REPLACE_reuse-1791061722233672000.log
 create mode 100644 persistent_core_v2_trial/results/development/cycle2/500102_V1_lifetime-1791061673461823000.log
 create mode 100644 persistent_core_v2_trial/results/development/cycle2/500102_V1_reuse-1791061673461976000.log
 create mode 100644 persistent_core_v2_trial/results/development/cycle2/receipts/500102_BOTH_lifetime.json.gz
 create mode 100644 persistent_core_v2_trial/results/development/cycle2/receipts/500102_BOTH_reuse.json.gz
 create mode 100644 persistent_core_v2_trial/results/development/cycle2/receipts/500102_ERROR_lifetime.json.gz
 create mode 100644 persistent_core_v2_trial/results/development/cycle2/receipts/500102_ERROR_reuse.json.gz
 create mode 100644 persistent_core_v2_trial/results/development/cycle2/receipts/500102_REPLACE_lifetime.json.gz
 create mode 100644 persistent_core_v2_trial/results/development/cycle2/receipts/500102_REPLACE_reuse.json.gz
 create mode 100644 persistent_core_v2_trial/results/development/cycle2/receipts/500102_V1_lifetime.json.gz
 create mode 100644 persistent_core_v2_trial/results/development/cycle2/receipts/500102_V1_reuse.json.gz
 create mode 100644 persistent_core_v2_trial/results/development/cycle3/BOTH/resumed/500103_BOTH_lifetime-1791062133955476000.log
 create mode 100644 persistent_core_v2_trial/results/development/cycle3/BOTH/resumed/500103_BOTH_lifetime-1791062140002675000.log
 create mode 100644 persistent_core_v2_trial/results/development/cycle3/BOTH/resumed/500103_BOTH_lifetime-1791062143818769000.log
 create mode 100644 persistent_core_v2_trial/results/development/cycle3/BOTH/resumed/receipts/500103_BOTH_lifetime.json.gz
 create mode 100644 persistent_core_v2_trial/results/development/cycle3/BOTH/uninterrupted/500103_BOTH_lifetime-1791062129192454000.log
 create mode 100644 persistent_core_v2_trial/results/development/cycle3/BOTH/uninterrupted/receipts/500103_BOTH_lifetime.json.gz
 create mode 100644 persistent_core_v2_trial/results/development/cycle3/ERROR/resumed/500103_ERROR_lifetime-1791062104269252000.log
 create mode 100644 persistent_core_v2_trial/results/development/cycle3/ERROR/resumed/500103_ERROR_lifetime-1791062110221507000.log
 create mode 100644 persistent_core_v2_trial/results/development/cycle3/ERROR/resumed/500103_ERROR_lifetime-1791062113491900000.log
 create mode 100644 persistent_core_v2_trial/results/development/cycle3/ERROR/resumed/receipts/500103_ERROR_lifetime.json.gz
 create mode 100644 persistent_core_v2_trial/results/development/cycle3/ERROR/uninterrupted/500103_ERROR_lifetime-1791062099588030000.log
 create mode 100644 persistent_core_v2_trial/results/development/cycle3/ERROR/uninterrupted/receipts/500103_ERROR_lifetime.json.gz
 create mode 100644 persistent_core_v2_trial/results/development/cycle3/REPLACE/resumed/500103_REPLACE_lifetime-1791062119074106000.log
 create mode 100644 persistent_core_v2_trial/results/development/cycle3/REPLACE/resumed/500103_REPLACE_lifetime-1791062124929491000.log
 create mode 100644 persistent_core_v2_trial/results/development/cycle3/REPLACE/resumed/500103_REPLACE_lifetime-1791062128348039000.log
 create mode 100644 persistent_core_v2_trial/results/development/cycle3/REPLACE/resumed/receipts/500103_REPLACE_lifetime.json.gz
 create mode 100644 persistent_core_v2_trial/results/development/cycle3/REPLACE/uninterrupted/500103_REPLACE_lifetime-1791062114390761000.log
 create mode 100644 persistent_core_v2_trial/results/development/cycle3/REPLACE/uninterrupted/receipts/500103_REPLACE_lifetime.json.gz
 create mode 100644 persistent_core_v2_trial/results/development/cycle3/V1/resumed/500103_V1_lifetime-1791062089409739000.log
 create mode 100644 persistent_core_v2_trial/results/development/cycle3/V1/resumed/500103_V1_lifetime-1791062095213950000.log
 create mode 100644 persistent_core_v2_trial/results/development/cycle3/V1/resumed/500103_V1_lifetime-1791062098692073000.log
 create mode 100644 persistent_core_v2_trial/results/development/cycle3/V1/resumed/receipts/500103_V1_lifetime.json.gz
 create mode 100644 persistent_core_v2_trial/results/development/cycle3/V1/uninterrupted/500103_V1_lifetime-1791062084682131000.log
 create mode 100644 persistent_core_v2_trial/results/development/cycle3/V1/uninterrupted/receipts/500103_V1_lifetime.json.gz
 create mode 100644 persistent_core_v2_trial/results/final_audit.py.log
 create mode 100644 persistent_core_v2_trial/results/science/logs/501001_BOTH_lifetime.log
 create mode 100644 persistent_core_v2_trial/results/science/logs/501001_BOTH_reuse.log
 create mode 100644 persistent_core_v2_trial/results/science/logs/501001_ERROR_lifetime.log
 create mode 100644 persistent_core_v2_trial/results/science/logs/501001_ERROR_reuse.log
 create mode 100644 persistent_core_v2_trial/results/science/logs/501001_REPLACE_lifetime.log
 create mode 100644 persistent_core_v2_trial/results/science/logs/501001_REPLACE_reuse.log
 create mode 100644 persistent_core_v2_trial/results/science/logs/501001_V1_lifetime.log
 create mode 100644 persistent_core_v2_trial/results/science/logs/501001_V1_reuse.log
 create mode 100644 persistent_core_v2_trial/results/science/logs/501002_BOTH_lifetime.log
 create mode 100644 persistent_core_v2_trial/results/science/logs/501002_BOTH_reuse.log
 create mode 100644 persistent_core_v2_trial/results/science/logs/501002_ERROR_lifetime.log
 create mode 100644 persistent_core_v2_trial/results/science/logs/501002_ERROR_reuse.log
 create mode 100644 persistent_core_v2_trial/results/science/logs/501002_REPLACE_lifetime.log
 create mode 100644 persistent_core_v2_trial/results/science/logs/501002_REPLACE_reuse.log
 create mode 100644 persistent_core_v2_trial/results/science/logs/501002_V1_lifetime.log
 create mode 100644 persistent_core_v2_trial/results/science/logs/501002_V1_reuse.log
 create mode 100644 persistent_core_v2_trial/results/science/logs/501003_BOTH_lifetime.workers8.log
 create mode 100644 persistent_core_v2_trial/results/science/logs/501003_BOTH_reuse.workers8.log
 create mode 100644 persistent_core_v2_trial/results/science/logs/501003_ERROR_lifetime.workers8.log
 create mode 100644 persistent_core_v2_trial/results/science/logs/501003_ERROR_reuse.workers8.log
 create mode 100644 persistent_core_v2_trial/results/science/logs/501003_REPLACE_lifetime.workers8.log
 create mode 100644 persistent_core_v2_trial/results/science/logs/501003_REPLACE_reuse.workers8.log
 create mode 100644 persistent_core_v2_trial/results/science/logs/501003_V1_lifetime.workers8.log
 create mode 100644 persistent_core_v2_trial/results/science/logs/501003_V1_reuse.workers8.log
 create mode 100644 persistent_core_v2_trial/results/science/logs/501004_BOTH_lifetime.workers8.log
 create mode 100644 persistent_core_v2_trial/results/science/logs/501004_BOTH_reuse.workers8.log
 create mode 100644 persistent_core_v2_trial/results/science/logs/501004_ERROR_lifetime.workers8.log
 create mode 100644 persistent_core_v2_trial/results/science/logs/501004_ERROR_reuse.workers8.log
 create mode 100644 persistent_core_v2_trial/results/science/logs/501004_REPLACE_lifetime.workers8.log
 create mode 100644 persistent_core_v2_trial/results/science/logs/501004_REPLACE_reuse.workers8.log
 create mode 100644 persistent_core_v2_trial/results/science/logs/501004_V1_lifetime.workers8.log
 create mode 100644 persistent_core_v2_trial/results/science/logs/501004_V1_reuse.workers8.log
 create mode 100644 persistent_core_v2_trial/results/science/logs/501005_BOTH_lifetime.workers8.log
 create mode 100644 persistent_core_v2_trial/results/science/logs/501005_BOTH_reuse.workers8.log
 create mode 100644 persistent_core_v2_trial/results/science/logs/501005_ERROR_lifetime.workers8.log
 create mode 100644 persistent_core_v2_trial/results/science/logs/501005_ERROR_reuse.workers8.log
 create mode 100644 persistent_core_v2_trial/results/science/logs/501005_REPLACE_lifetime.workers8.log
 create mode 100644 persistent_core_v2_trial/results/science/logs/501005_REPLACE_reuse.workers8.log
 create mode 100644 persistent_core_v2_trial/results/science/logs/501005_V1_lifetime.workers8.log
 create mode 100644 persistent_core_v2_trial/results/science/logs/501005_V1_reuse.workers8.log
 create mode 100644 persistent_core_v2_trial/results/science/logs/501006_BOTH_lifetime.workers8.log
 create mode 100644 persistent_core_v2_trial/results/science/logs/501006_BOTH_reuse.workers8.log
 create mode 100644 persistent_core_v2_trial/results/science/logs/501006_ERROR_lifetime.workers8.log
 create mode 100644 persistent_core_v2_trial/results/science/logs/501006_ERROR_reuse.workers8.log
 create mode 100644 persistent_core_v2_trial/results/science/logs/501006_REPLACE_lifetime.workers8.log
 create mode 100644 persistent_core_v2_trial/results/science/logs/501006_REPLACE_reuse.workers8.log
 create mode 100644 persistent_core_v2_trial/results/science/logs/501006_V1_lifetime.workers8.log
 create mode 100644 persistent_core_v2_trial/results/science/logs/501006_V1_reuse.workers8.log
 create mode 100644 persistent_core_v2_trial/results/science/logs/501007_BOTH_lifetime.workers8.log
 create mode 100644 persistent_core_v2_trial/results/science/logs/501007_BOTH_reuse.workers8.log
 create mode 100644 persistent_core_v2_trial/results/science/logs/501007_ERROR_lifetime.workers8.log
 create mode 100644 persistent_core_v2_trial/results/science/logs/501007_ERROR_reuse.workers8.log
 create mode 100644 persistent_core_v2_trial/results/science/logs/501007_REPLACE_lifetime.workers8.log
 create mode 100644 persistent_core_v2_trial/results/science/logs/501007_REPLACE_reuse.workers8.log
 create mode 100644 persistent_core_v2_trial/results/science/logs/501007_V1_lifetime.workers8.log
 create mode 100644 persistent_core_v2_trial/results/science/logs/501007_V1_reuse.workers8.log
 create mode 100644 persistent_core_v2_trial/results/science/logs/501008_BOTH_lifetime.workers8.log
 create mode 100644 persistent_core_v2_trial/results/science/logs/501008_BOTH_reuse.workers8.log
 create mode 100644 persistent_core_v2_trial/results/science/logs/501008_ERROR_lifetime.workers8.log
 create mode 100644 persistent_core_v2_trial/results/science/logs/501008_ERROR_reuse.workers8.log
 create mode 100644 persistent_core_v2_trial/results/science/logs/501008_REPLACE_lifetime.workers8.log
 create mode 100644 persistent_core_v2_trial/results/science/logs/501008_REPLACE_reuse.workers8.log
 create mode 100644 persistent_core_v2_trial/results/science/logs/501008_V1_lifetime.workers8.log
 create mode 100644 persistent_core_v2_trial/results/science/logs/501008_V1_reuse.workers8.log
 create mode 100644 persistent_core_v2_trial/results/science/logs/501009_BOTH_lifetime.workers8.log
 create mode 100644 persistent_core_v2_trial/results/science/logs/501009_BOTH_reuse.workers8.log
 create mode 100644 persistent_core_v2_trial/results/science/logs/501009_ERROR_lifetime.workers8.log
 create mode 100644 persistent_core_v2_trial/results/science/logs/501009_ERROR_reuse.workers8.log
 create mode 100644 persistent_core_v2_trial/results/science/logs/501009_REPLACE_lifetime.workers8.log
 create mode 100644 persistent_core_v2_trial/results/science/logs/501009_REPLACE_reuse.workers8.log
 create mode 100644 persistent_core_v2_trial/results/science/logs/501009_V1_lifetime.workers8.log
 create mode 100644 persistent_core_v2_trial/results/science/logs/501009_V1_reuse.workers8.log
 create mode 100644 persistent_core_v2_trial/results/science/logs/501010_BOTH_lifetime.workers8.log
 create mode 100644 persistent_core_v2_trial/results/science/logs/501010_BOTH_reuse.workers8.log
 create mode 100644 persistent_core_v2_trial/results/science/logs/501010_ERROR_lifetime.workers8.log
 create mode 100644 persistent_core_v2_trial/results/science/logs/501010_ERROR_reuse.workers8.log
 create mode 100644 persistent_core_v2_trial/results/science/logs/501010_REPLACE_lifetime.workers8.log
 create mode 100644 persistent_core_v2_trial/results/science/logs/501010_REPLACE_reuse.workers8.log
 create mode 100644 persistent_core_v2_trial/results/science/logs/501010_V1_lifetime.workers8.log
 create mode 100644 persistent_core_v2_trial/results/science/logs/501010_V1_reuse.workers8.log
 create mode 100644 persistent_core_v2_trial/results/science/logs/501011_BOTH_lifetime.workers8.log
 create mode 100644 persistent_core_v2_trial/results/science/logs/501011_BOTH_reuse.workers8.log
 create mode 100644 persistent_core_v2_trial/results/science/logs/501011_ERROR_lifetime.workers8.log
 create mode 100644 persistent_core_v2_trial/results/science/logs/501011_ERROR_reuse.workers8.log
 create mode 100644 persistent_core_v2_trial/results/science/logs/501011_REPLACE_lifetime.workers8.log
 create mode 100644 persistent_core_v2_trial/results/science/logs/501011_REPLACE_reuse.workers8.log
 create mode 100644 persistent_core_v2_trial/results/science/logs/501011_V1_lifetime.workers8.log
 create mode 100644 persistent_core_v2_trial/results/science/logs/501011_V1_reuse.workers8.log
 create mode 100644 persistent_core_v2_trial/results/science/logs/501012_BOTH_lifetime.workers8.log
 create mode 100644 persistent_core_v2_trial/results/science/logs/501012_BOTH_reuse.workers8.log
 create mode 100644 persistent_core_v2_trial/results/science/logs/501012_ERROR_lifetime.workers8.log
 create mode 100644 persistent_core_v2_trial/results/science/logs/501012_ERROR_reuse.workers8.log
 create mode 100644 persistent_core_v2_trial/results/science/logs/501012_REPLACE_lifetime.workers8.log
 create mode 100644 persistent_core_v2_trial/results/science/logs/501012_REPLACE_reuse.workers8.log
 create mode 100644 persistent_core_v2_trial/results/science/logs/501012_V1_lifetime.workers8.log
 create mode 100644 persistent_core_v2_trial/results/science/logs/501012_V1_reuse.workers8.log
 create mode 100644 persistent_core_v2_trial/results/science/logs/501013_BOTH_lifetime.workers8.log
 create mode 100644 persistent_core_v2_trial/results/science/logs/501013_BOTH_reuse.workers8.log
 create mode 100644 persistent_core_v2_trial/results/science/logs/501013_ERROR_lifetime.workers8.log
 create mode 100644 persistent_core_v2_trial/results/science/logs/501013_ERROR_reuse.workers8.log
 create mode 100644 persistent_core_v2_trial/results/science/logs/501013_REPLACE_lifetime.workers8.log
 create mode 100644 persistent_core_v2_trial/results/science/logs/501013_REPLACE_reuse.workers8.log
 create mode 100644 persistent_core_v2_trial/results/science/logs/501013_V1_lifetime.workers8.log
 create mode 100644 persistent_core_v2_trial/results/science/logs/501013_V1_reuse.workers8.log
 create mode 100644 persistent_core_v2_trial/results/science/logs/501014_BOTH_lifetime.workers8.log
 create mode 100644 persistent_core_v2_trial/results/science/logs/501014_BOTH_reuse.workers8.log
 create mode 100644 persistent_core_v2_trial/results/science/logs/501014_ERROR_lifetime.workers8.log
 create mode 100644 persistent_core_v2_trial/results/science/logs/501014_ERROR_reuse.workers8.log
 create mode 100644 persistent_core_v2_trial/results/science/logs/501014_REPLACE_lifetime.workers8.log
 create mode 100644 persistent_core_v2_trial/results/science/logs/501014_REPLACE_reuse.workers8.log
 create mode 100644 persistent_core_v2_trial/results/science/logs/501014_V1_lifetime.workers8.log
 create mode 100644 persistent_core_v2_trial/results/science/logs/501014_V1_reuse.workers8.log
 create mode 100644 persistent_core_v2_trial/results/science/logs/501015_BOTH_lifetime.workers8.log
 create mode 100644 persistent_core_v2_trial/results/science/logs/501015_BOTH_reuse.workers8.log
 create mode 100644 persistent_core_v2_trial/results/science/logs/501015_ERROR_lifetime.workers8.log
 create mode 100644 persistent_core_v2_trial/results/science/logs/501015_ERROR_reuse.workers8.log
 create mode 100644 persistent_core_v2_trial/results/science/logs/501015_REPLACE_lifetime.workers8.log
 create mode 100644 persistent_core_v2_trial/results/science/logs/501015_REPLACE_reuse.workers8.log
 create mode 100644 persistent_core_v2_trial/results/science/logs/501015_V1_lifetime.workers8.log
 create mode 100644 persistent_core_v2_trial/results/science/logs/501015_V1_reuse.workers8.log
 create mode 100644 persistent_core_v2_trial/results/science/logs/501016_BOTH_lifetime.workers8.log
 create mode 100644 persistent_core_v2_trial/results/science/logs/501016_BOTH_reuse.workers8.log
 create mode 100644 persistent_core_v2_trial/results/science/logs/501016_ERROR_lifetime.workers8.log
 create mode 100644 persistent_core_v2_trial/results/science/logs/501016_ERROR_reuse.workers8.log
 create mode 100644 persistent_core_v2_trial/results/science/logs/501016_REPLACE_lifetime.workers8.log
 create mode 100644 persistent_core_v2_trial/results/science/logs/501016_REPLACE_reuse.workers8.log
 create mode 100644 persistent_core_v2_trial/results/science/logs/501016_V1_lifetime.workers8.log
 create mode 100644 persistent_core_v2_trial/results/science/logs/501016_V1_reuse.workers8.log
 create mode 100644 persistent_core_v2_trial/results/science/logs/501017_BOTH_lifetime.workers8.log
 create mode 100644 persistent_core_v2_trial/results/science/logs/501017_BOTH_reuse.workers8.log
 create mode 100644 persistent_core_v2_trial/results/science/logs/501017_ERROR_lifetime.workers8.log
 create mode 100644 persistent_core_v2_trial/results/science/logs/501017_ERROR_reuse.workers8.log
 create mode 100644 persistent_core_v2_trial/results/science/logs/501017_REPLACE_lifetime.workers8.log
 create mode 100644 persistent_core_v2_trial/results/science/logs/501017_REPLACE_reuse.workers8.log
 create mode 100644 persistent_core_v2_trial/results/science/logs/501017_V1_lifetime.workers8.log
 create mode 100644 persistent_core_v2_trial/results/science/logs/501017_V1_reuse.workers8.log
 create mode 100644 persistent_core_v2_trial/results/science/logs/501018_BOTH_lifetime.workers8.log
 create mode 100644 persistent_core_v2_trial/results/science/logs/501018_BOTH_reuse.workers8.log
 create mode 100644 persistent_core_v2_trial/results/science/logs/501018_ERROR_lifetime.workers8.log
 create mode 100644 persistent_core_v2_trial/results/science/logs/501018_ERROR_reuse.workers8.log
 create mode 100644 persistent_core_v2_trial/results/science/logs/501018_REPLACE_lifetime.workers8.log
 create mode 100644 persistent_core_v2_trial/results/science/logs/501018_REPLACE_reuse.workers8.log
 create mode 100644 persistent_core_v2_trial/results/science/logs/501018_V1_lifetime.workers8.log
 create mode 100644 persistent_core_v2_trial/results/science/logs/501018_V1_reuse.workers8.log
 create mode 100644 persistent_core_v2_trial/results/science/logs/501019_BOTH_lifetime.workers8.log
 create mode 100644 persistent_core_v2_trial/results/science/logs/501019_BOTH_reuse.workers8.log
 create mode 100644 persistent_core_v2_trial/results/science/logs/501019_ERROR_lifetime.workers8.log
 create mode 100644 persistent_core_v2_trial/results/science/logs/501019_ERROR_reuse.workers8.log
 create mode 100644 persistent_core_v2_trial/results/science/logs/501019_REPLACE_lifetime.workers8.log
 create mode 100644 persistent_core_v2_trial/results/science/logs/501019_REPLACE_reuse.workers8.log
 create mode 100644 persistent_core_v2_trial/results/science/logs/501019_V1_lifetime.workers8.log
 create mode 100644 persistent_core_v2_trial/results/science/logs/501019_V1_reuse.workers8.log
 create mode 100644 persistent_core_v2_trial/results/science/logs/501020_BOTH_lifetime.workers8.log
 create mode 100644 persistent_core_v2_trial/results/science/logs/501020_BOTH_reuse.workers8.log
 create mode 100644 persistent_core_v2_trial/results/science/logs/501020_ERROR_lifetime.workers8.log
 create mode 100644 persistent_core_v2_trial/results/science/logs/501020_ERROR_reuse.workers8.log
 create mode 100644 persistent_core_v2_trial/results/science/logs/501020_REPLACE_lifetime.workers8.log
 create mode 100644 persistent_core_v2_trial/results/science/logs/501020_REPLACE_reuse.workers8.log
 create mode 100644 persistent_core_v2_trial/results/science/logs/501020_V1_lifetime.workers8.log
 create mode 100644 persistent_core_v2_trial/results/science/logs/501020_V1_reuse.workers8.log
 create mode 100644 persistent_core_v2_trial/results/science/logs/501021_BOTH_lifetime.workers8.log
 create mode 100644 persistent_core_v2_trial/results/science/logs/501021_BOTH_reuse.workers8.log
 create mode 100644 persistent_core_v2_trial/results/science/logs/501021_ERROR_lifetime.workers8.log
 create mode 100644 persistent_core_v2_trial/results/science/logs/501021_ERROR_reuse.workers8.log
 create mode 100644 persistent_core_v2_trial/results/science/logs/501021_REPLACE_lifetime.workers8.log
 create mode 100644 persistent_core_v2_trial/results/science/logs/501021_REPLACE_reuse.workers8.log
 create mode 100644 persistent_core_v2_trial/results/science/logs/501021_V1_lifetime.workers8.log
 create mode 100644 persistent_core_v2_trial/results/science/logs/501021_V1_reuse.workers8.log
 create mode 100644 persistent_core_v2_trial/results/science/logs/501022_BOTH_lifetime.workers8.log
 create mode 100644 persistent_core_v2_trial/results/science/logs/501022_BOTH_reuse.workers8.log
 create mode 100644 persistent_core_v2_trial/results/science/logs/501022_ERROR_lifetime.workers8.log
 create mode 100644 persistent_core_v2_trial/results/science/logs/501022_ERROR_reuse.workers8.log
 create mode 100644 persistent_core_v2_trial/results/science/logs/501022_REPLACE_lifetime.workers8.log
 create mode 100644 persistent_core_v2_trial/results/science/logs/501022_REPLACE_reuse.workers8.log
 create mode 100644 persistent_core_v2_trial/results/science/logs/501022_V1_lifetime.workers8.log
 create mode 100644 persistent_core_v2_trial/results/science/logs/501022_V1_reuse.workers8.log
 create mode 100644 persistent_core_v2_trial/results/science/logs/501023_BOTH_lifetime.workers8.log
 create mode 100644 persistent_core_v2_trial/results/science/logs/501023_BOTH_reuse.workers8.log
 create mode 100644 persistent_core_v2_trial/results/science/logs/501023_ERROR_lifetime.workers8.log
 create mode 100644 persistent_core_v2_trial/results/science/logs/501023_ERROR_reuse.workers8.log
 create mode 100644 persistent_core_v2_trial/results/science/logs/501023_REPLACE_lifetime.workers8.log
 create mode 100644 persistent_core_v2_trial/results/science/logs/501023_REPLACE_reuse.workers8.log
 create mode 100644 persistent_core_v2_trial/results/science/logs/501023_V1_lifetime.workers8.log
 create mode 100644 persistent_core_v2_trial/results/science/logs/501023_V1_reuse.workers8.log
 create mode 100644 persistent_core_v2_trial/results/science/logs/501024_BOTH_lifetime.workers8.log
 create mode 100644 persistent_core_v2_trial/results/science/logs/501024_BOTH_reuse.workers8.log
 create mode 100644 persistent_core_v2_trial/results/science/logs/501024_ERROR_lifetime.workers8.log
 create mode 100644 persistent_core_v2_trial/results/science/logs/501024_ERROR_reuse.workers8.log
 create mode 100644 persistent_core_v2_trial/results/science/logs/501024_REPLACE_lifetime.workers8.log
 create mode 100644 persistent_core_v2_trial/results/science/logs/501024_REPLACE_reuse.workers8.log
 create mode 100644 persistent_core_v2_trial/results/science/logs/501024_V1_lifetime.workers8.log
 create mode 100644 persistent_core_v2_trial/results/science/logs/501024_V1_reuse.workers8.log
 create mode 100644 persistent_core_v2_trial/results/science/logs/501025_BOTH_lifetime.workers8.log
 create mode 100644 persistent_core_v2_trial/results/science/logs/501025_BOTH_reuse.workers8.log
 create mode 100644 persistent_core_v2_trial/results/science/logs/501025_ERROR_lifetime.workers8.log
 create mode 100644 persistent_core_v2_trial/results/science/logs/501025_ERROR_reuse.workers8.log
 create mode 100644 persistent_core_v2_trial/results/science/logs/501025_REPLACE_lifetime.workers8.log
 create mode 100644 persistent_core_v2_trial/results/science/logs/501025_REPLACE_reuse.workers8.log
 create mode 100644 persistent_core_v2_trial/results/science/logs/501025_V1_lifetime.workers8.log
 create mode 100644 persistent_core_v2_trial/results/science/logs/501025_V1_reuse.workers8.log
 create mode 100644 persistent_core_v2_trial/results/science/logs/501026_BOTH_lifetime.workers8.log
 create mode 100644 persistent_core_v2_trial/results/science/logs/501026_BOTH_reuse.workers8.log
 create mode 100644 persistent_core_v2_trial/results/science/logs/501026_ERROR_lifetime.workers8.log
 create mode 100644 persistent_core_v2_trial/results/science/logs/501026_ERROR_reuse.workers8.log
 create mode 100644 persistent_core_v2_trial/results/science/logs/501026_REPLACE_lifetime.workers8.log
 create mode 100644 persistent_core_v2_trial/results/science/logs/501026_REPLACE_reuse.workers8.log
 create mode 100644 persistent_core_v2_trial/results/science/logs/501026_V1_lifetime.workers8.log
 create mode 100644 persistent_core_v2_trial/results/science/logs/501026_V1_reuse.workers8.log
 create mode 100644 persistent_core_v2_trial/results/science/logs/501027_BOTH_lifetime.workers8.log
 create mode 100644 persistent_core_v2_trial/results/science/logs/501027_BOTH_reuse.workers8.log
 create mode 100644 persistent_core_v2_trial/results/science/logs/501027_ERROR_lifetime.workers8.log
 create mode 100644 persistent_core_v2_trial/results/science/logs/501027_ERROR_reuse.workers8.log
 create mode 100644 persistent_core_v2_trial/results/science/logs/501027_REPLACE_lifetime.workers8.log
 create mode 100644 persistent_core_v2_trial/results/science/logs/501027_REPLACE_reuse.workers8.log
 create mode 100644 persistent_core_v2_trial/results/science/logs/501027_V1_lifetime.workers8.log
 create mode 100644 persistent_core_v2_trial/results/science/logs/501027_V1_reuse.workers8.log
 create mode 100644 persistent_core_v2_trial/results/science/logs/501028_BOTH_lifetime.workers8.log
 create mode 100644 persistent_core_v2_trial/results/science/logs/501028_BOTH_reuse.workers8.log
 create mode 100644 persistent_core_v2_trial/results/science/logs/501028_ERROR_lifetime.workers8.log
 create mode 100644 persistent_core_v2_trial/results/science/logs/501028_ERROR_reuse.workers8.log
 create mode 100644 persistent_core_v2_trial/results/science/logs/501028_REPLACE_lifetime.workers8.log
 create mode 100644 persistent_core_v2_trial/results/science/logs/501028_REPLACE_reuse.workers8.log
 create mode 100644 persistent_core_v2_trial/results/science/logs/501028_V1_lifetime.workers8.log
 create mode 100644 persistent_core_v2_trial/results/science/logs/501028_V1_reuse.workers8.log
 create mode 100644 persistent_core_v2_trial/results/science/logs/501029_BOTH_lifetime.workers8.log
 create mode 100644 persistent_core_v2_trial/results/science/logs/501029_BOTH_reuse.workers8.log
 create mode 100644 persistent_core_v2_trial/results/science/logs/501029_ERROR_lifetime.workers8.log
 create mode 100644 persistent_core_v2_trial/results/science/logs/501029_ERROR_reuse.workers8.log
 create mode 100644 persistent_core_v2_trial/results/science/logs/501029_REPLACE_lifetime.workers8.log
 create mode 100644 persistent_core_v2_trial/results/science/logs/501029_REPLACE_reuse.workers8.log
 create mode 100644 persistent_core_v2_trial/results/science/logs/501029_V1_lifetime.workers8.log
 create mode 100644 persistent_core_v2_trial/results/science/logs/501029_V1_reuse.workers8.log
 create mode 100644 persistent_core_v2_trial/results/science/logs/501030_BOTH_lifetime.workers8.log
 create mode 100644 persistent_core_v2_trial/results/science/logs/501030_BOTH_reuse.workers8.log
 create mode 100644 persistent_core_v2_trial/results/science/logs/501030_ERROR_lifetime.workers8.log
 create mode 100644 persistent_core_v2_trial/results/science/logs/501030_ERROR_reuse.workers8.log
 create mode 100644 persistent_core_v2_trial/results/science/logs/501030_REPLACE_lifetime.workers8.log
 create mode 100644 persistent_core_v2_trial/results/science/logs/501030_REPLACE_reuse.workers8.log
 create mode 100644 persistent_core_v2_trial/results/science/logs/501030_V1_lifetime.workers8.log
 create mode 100644 persistent_core_v2_trial/results/science/logs/501030_V1_reuse.workers8.log
 create mode 100644 persistent_core_v2_trial/results/science/logs/501031_BOTH_lifetime.workers8.log
 create mode 100644 persistent_core_v2_trial/results/science/logs/501031_BOTH_reuse.workers8.log
 create mode 100644 persistent_core_v2_trial/results/science/logs/501031_ERROR_lifetime.workers8.log
 create mode 100644 persistent_core_v2_trial/results/science/logs/501031_ERROR_reuse.workers8.log
 create mode 100644 persistent_core_v2_trial/results/science/logs/501031_REPLACE_lifetime.workers8.log
 create mode 100644 persistent_core_v2_trial/results/science/logs/501031_REPLACE_reuse.workers8.log
 create mode 100644 persistent_core_v2_trial/results/science/logs/501031_V1_lifetime.workers8.log
 create mode 100644 persistent_core_v2_trial/results/science/logs/501031_V1_reuse.workers8.log
 create mode 100644 persistent_core_v2_trial/results/science/logs/501032_BOTH_lifetime.workers8.log
 create mode 100644 persistent_core_v2_trial/results/science/logs/501032_BOTH_reuse.workers8.log
 create mode 100644 persistent_core_v2_trial/results/science/logs/501032_ERROR_lifetime.workers8.log
 create mode 100644 persistent_core_v2_trial/results/science/logs/501032_ERROR_reuse.workers8.log
 create mode 100644 persistent_core_v2_trial/results/science/logs/501032_REPLACE_lifetime.workers8.log
 create mode 100644 persistent_core_v2_trial/results/science/logs/501032_REPLACE_reuse.workers8.log
 create mode 100644 persistent_core_v2_trial/results/science/logs/501032_V1_lifetime.workers8.log
 create mode 100644 persistent_core_v2_trial/results/science/logs/501032_V1_reuse.workers8.log
 create mode 100644 persistent_core_v2_trial/results/science/logs/501033_BOTH_lifetime.workers8.log
 create mode 100644 persistent_core_v2_trial/results/science/logs/501033_BOTH_reuse.workers8.log
 create mode 100644 persistent_core_v2_trial/results/science/logs/501033_ERROR_lifetime.workers8.log
 create mode 100644 persistent_core_v2_trial/results/science/logs/501033_ERROR_reuse.workers8.log
 create mode 100644 persistent_core_v2_trial/results/science/logs/501033_REPLACE_lifetime.workers8.log
 create mode 100644 persistent_core_v2_trial/results/science/logs/501033_REPLACE_reuse.workers8.log
 create mode 100644 persistent_core_v2_trial/results/science/logs/501033_V1_lifetime.workers8.log
 create mode 100644 persistent_core_v2_trial/results/science/logs/501033_V1_reuse.workers8.log
 create mode 100644 persistent_core_v2_trial/results/science/logs/501034_BOTH_lifetime.workers8.log
 create mode 100644 persistent_core_v2_trial/results/science/logs/501034_BOTH_reuse.workers8.log
 create mode 100644 persistent_core_v2_trial/results/science/logs/501034_ERROR_lifetime.workers8.log
 create mode 100644 persistent_core_v2_trial/results/science/logs/501034_ERROR_reuse.workers8.log
 create mode 100644 persistent_core_v2_trial/results/science/logs/501034_REPLACE_lifetime.workers8.log
 create mode 100644 persistent_core_v2_trial/results/science/logs/501034_REPLACE_reuse.workers8.log
 create mode 100644 persistent_core_v2_trial/results/science/logs/501034_V1_lifetime.workers8.log
 create mode 100644 persistent_core_v2_trial/results/science/logs/501034_V1_reuse.workers8.log
 create mode 100644 persistent_core_v2_trial/results/science/logs/501035_BOTH_lifetime.workers8.log
 create mode 100644 persistent_core_v2_trial/results/science/logs/501035_BOTH_reuse.workers8.log
 create mode 100644 persistent_core_v2_trial/results/science/logs/501035_ERROR_lifetime.workers8.log
 create mode 100644 persistent_core_v2_trial/results/science/logs/501035_ERROR_reuse.workers8.log
 create mode 100644 persistent_core_v2_trial/results/science/logs/501035_REPLACE_lifetime.workers8.log
 create mode 100644 persistent_core_v2_trial/results/science/logs/501035_REPLACE_reuse.workers8.log
 create mode 100644 persistent_core_v2_trial/results/science/logs/501035_V1_lifetime.workers8.log
 create mode 100644 persistent_core_v2_trial/results/science/logs/501035_V1_reuse.workers8.log
 create mode 100644 persistent_core_v2_trial/results/science/logs/501036_BOTH_lifetime.workers8.log
 create mode 100644 persistent_core_v2_trial/results/science/logs/501036_BOTH_reuse.workers8.log
 create mode 100644 persistent_core_v2_trial/results/science/logs/501036_ERROR_lifetime.workers8.log
 create mode 100644 persistent_core_v2_trial/results/science/logs/501036_ERROR_reuse.workers8.log
 create mode 100644 persistent_core_v2_trial/results/science/logs/501036_REPLACE_lifetime.workers8.log
 create mode 100644 persistent_core_v2_trial/results/science/logs/501036_REPLACE_reuse.workers8.log
 create mode 100644 persistent_core_v2_trial/results/science/logs/501036_V1_lifetime.workers8.log
 create mode 100644 persistent_core_v2_trial/results/science/logs/501036_V1_reuse.workers8.log
 create mode 100644 persistent_core_v2_trial/results/science/logs/501037_BOTH_lifetime.workers8.log
 create mode 100644 persistent_core_v2_trial/results/science/logs/501037_BOTH_reuse.workers8.log
 create mode 100644 persistent_core_v2_trial/results/science/logs/501037_ERROR_lifetime.workers8.log
 create mode 100644 persistent_core_v2_trial/results/science/logs/501037_ERROR_reuse.workers8.log
 create mode 100644 persistent_core_v2_trial/results/science/logs/501037_REPLACE_lifetime.workers8.log
 create mode 100644 persistent_core_v2_trial/results/science/logs/501037_REPLACE_reuse.workers8.log
 create mode 100644 persistent_core_v2_trial/results/science/logs/501037_V1_lifetime.workers8.log
 create mode 100644 persistent_core_v2_trial/results/science/logs/501037_V1_reuse.workers8.log
 create mode 100644 persistent_core_v2_trial/results/science/logs/501038_BOTH_lifetime.workers8.log
 create mode 100644 persistent_core_v2_trial/results/science/logs/501038_BOTH_reuse.workers8.log
 create mode 100644 persistent_core_v2_trial/results/science/logs/501038_ERROR_lifetime.workers8.log
 create mode 100644 persistent_core_v2_trial/results/science/logs/501038_ERROR_reuse.workers8.log
 create mode 100644 persistent_core_v2_trial/results/science/logs/501038_REPLACE_lifetime.workers8.log
 create mode 100644 persistent_core_v2_trial/results/science/logs/501038_REPLACE_reuse.workers8.log
 create mode 100644 persistent_core_v2_trial/results/science/logs/501038_V1_lifetime.workers8.log
 create mode 100644 persistent_core_v2_trial/results/science/logs/501038_V1_reuse.workers8.log
 create mode 100644 persistent_core_v2_trial/results/science/logs/501039_BOTH_lifetime.workers8.log
 create mode 100644 persistent_core_v2_trial/results/science/logs/501039_BOTH_reuse.workers8.log
 create mode 100644 persistent_core_v2_trial/results/science/logs/501039_ERROR_lifetime.workers8.log
 create mode 100644 persistent_core_v2_trial/results/science/logs/501039_ERROR_reuse.workers8.log
 create mode 100644 persistent_core_v2_trial/results/science/logs/501039_REPLACE_lifetime.workers8.log
 create mode 100644 persistent_core_v2_trial/results/science/logs/501039_REPLACE_reuse.workers8.log
 create mode 100644 persistent_core_v2_trial/results/science/logs/501039_V1_lifetime.workers8.log
 create mode 100644 persistent_core_v2_trial/results/science/logs/501039_V1_reuse.workers8.log
 create mode 100644 persistent_core_v2_trial/results/science/logs/501040_BOTH_lifetime.workers8.log
 create mode 100644 persistent_core_v2_trial/results/science/logs/501040_BOTH_reuse.workers8.log
 create mode 100644 persistent_core_v2_trial/results/science/logs/501040_ERROR_lifetime.workers8.log
 create mode 100644 persistent_core_v2_trial/results/science/logs/501040_ERROR_reuse.workers8.log
 create mode 100644 persistent_core_v2_trial/results/science/logs/501040_REPLACE_lifetime.workers8.log
 create mode 100644 persistent_core_v2_trial/results/science/logs/501040_REPLACE_reuse.workers8.log
 create mode 100644 persistent_core_v2_trial/results/science/logs/501040_V1_lifetime.workers8.log
 create mode 100644 persistent_core_v2_trial/results/science/logs/501040_V1_reuse.workers8.log
 create mode 100644 persistent_core_v2_trial/results/science/logs/501041_BOTH_lifetime.workers8.log
 create mode 100644 persistent_core_v2_trial/results/science/logs/501041_BOTH_reuse.workers8.log
 create mode 100644 persistent_core_v2_trial/results/science/logs/501041_ERROR_lifetime.workers8.log
 create mode 100644 persistent_core_v2_trial/results/science/logs/501041_ERROR_reuse.workers8.log
 create mode 100644 persistent_core_v2_trial/results/science/logs/501041_REPLACE_lifetime.workers8.log
 create mode 100644 persistent_core_v2_trial/results/science/logs/501041_REPLACE_reuse.workers8.log
 create mode 100644 persistent_core_v2_trial/results/science/logs/501041_V1_lifetime.workers8.log
 create mode 100644 persistent_core_v2_trial/results/science/logs/501041_V1_reuse.workers8.log
 create mode 100644 persistent_core_v2_trial/results/science/logs/501042_BOTH_lifetime.workers8.log
 create mode 100644 persistent_core_v2_trial/results/science/logs/501042_BOTH_reuse.workers8.log
 create mode 100644 persistent_core_v2_trial/results/science/logs/501042_ERROR_lifetime.workers8.log
 create mode 100644 persistent_core_v2_trial/results/science/logs/501042_ERROR_reuse.workers8.log
 create mode 100644 persistent_core_v2_trial/results/science/logs/501042_REPLACE_lifetime.workers8.log
 create mode 100644 persistent_core_v2_trial/results/science/logs/501042_REPLACE_reuse.workers8.log
 create mode 100644 persistent_core_v2_trial/results/science/logs/501042_V1_lifetime.workers8.log
 create mode 100644 persistent_core_v2_trial/results/science/logs/501042_V1_reuse.workers8.log
 create mode 100644 persistent_core_v2_trial/results/science/logs/501043_BOTH_lifetime.workers8.log
 create mode 100644 persistent_core_v2_trial/results/science/logs/501043_BOTH_reuse.workers8.log
 create mode 100644 persistent_core_v2_trial/results/science/logs/501043_ERROR_lifetime.workers8.log
 create mode 100644 persistent_core_v2_trial/results/science/logs/501043_ERROR_reuse.workers8.log
 create mode 100644 persistent_core_v2_trial/results/science/logs/501043_REPLACE_lifetime.workers8.log
 create mode 100644 persistent_core_v2_trial/results/science/logs/501043_REPLACE_reuse.workers8.log
 create mode 100644 persistent_core_v2_trial/results/science/logs/501043_V1_lifetime.workers8.log
 create mode 100644 persistent_core_v2_trial/results/science/logs/501043_V1_reuse.workers8.log
 create mode 100644 persistent_core_v2_trial/results/science/logs/501044_BOTH_lifetime.workers8.log
 create mode 100644 persistent_core_v2_trial/results/science/logs/501044_BOTH_reuse.workers8.log
 create mode 100644 persistent_core_v2_trial/results/science/logs/501044_ERROR_lifetime.workers8.log
 create mode 100644 persistent_core_v2_trial/results/science/logs/501044_ERROR_reuse.workers8.log
 create mode 100644 persistent_core_v2_trial/results/science/logs/501044_REPLACE_lifetime.workers8.log
 create mode 100644 persistent_core_v2_trial/results/science/logs/501044_REPLACE_reuse.workers8.log
 create mode 100644 persistent_core_v2_trial/results/science/logs/501044_V1_lifetime.workers8.log
 create mode 100644 persistent_core_v2_trial/results/science/logs/501044_V1_reuse.workers8.log
 create mode 100644 persistent_core_v2_trial/results/science/logs/501045_BOTH_lifetime.workers8.log
 create mode 100644 persistent_core_v2_trial/results/science/logs/501045_BOTH_reuse.workers8.log
 create mode 100644 persistent_core_v2_trial/results/science/logs/501045_ERROR_lifetime.workers8.log
 create mode 100644 persistent_core_v2_trial/results/science/logs/501045_ERROR_reuse.workers8.log
 create mode 100644 persistent_core_v2_trial/results/science/logs/501045_REPLACE_lifetime.workers8.log
 create mode 100644 persistent_core_v2_trial/results/science/logs/501045_REPLACE_reuse.workers8.log
 create mode 100644 persistent_core_v2_trial/results/science/logs/501045_V1_lifetime.workers8.log
 create mode 100644 persistent_core_v2_trial/results/science/logs/501045_V1_reuse.workers8.log
 create mode 100644 persistent_core_v2_trial/results/science/logs/501046_BOTH_lifetime.workers8.log
 create mode 100644 persistent_core_v2_trial/results/science/logs/501046_BOTH_reuse.workers8.log
 create mode 100644 persistent_core_v2_trial/results/science/logs/501046_ERROR_lifetime.workers8.log
 create mode 100644 persistent_core_v2_trial/results/science/logs/501046_ERROR_reuse.workers8.log
 create mode 100644 persistent_core_v2_trial/results/science/logs/501046_REPLACE_lifetime.workers8.log
 create mode 100644 persistent_core_v2_trial/results/science/logs/501046_REPLACE_reuse.workers8.log
 create mode 100644 persistent_core_v2_trial/results/science/logs/501046_V1_lifetime.workers8.log
 create mode 100644 persistent_core_v2_trial/results/science/logs/501046_V1_reuse.workers8.log
 create mode 100644 persistent_core_v2_trial/results/science/logs/501047_BOTH_lifetime.workers8.log
 create mode 100644 persistent_core_v2_trial/results/science/logs/501047_BOTH_reuse.workers8.log
 create mode 100644 persistent_core_v2_trial/results/science/logs/501047_ERROR_lifetime.workers8.log
 create mode 100644 persistent_core_v2_trial/results/science/logs/501047_ERROR_reuse.workers8.log
 create mode 100644 persistent_core_v2_trial/results/science/logs/501047_REPLACE_lifetime.workers8.log
 create mode 100644 persistent_core_v2_trial/results/science/logs/501047_REPLACE_reuse.workers8.log
 create mode 100644 persistent_core_v2_trial/results/science/logs/501047_V1_lifetime.workers8.log
 create mode 100644 persistent_core_v2_trial/results/science/logs/501047_V1_reuse.workers8.log
 create mode 100644 persistent_core_v2_trial/results/science/logs/501048_BOTH_lifetime.workers8.log
 create mode 100644 persistent_core_v2_trial/results/science/logs/501048_BOTH_reuse.workers8.log
 create mode 100644 persistent_core_v2_trial/results/science/logs/501048_ERROR_lifetime.workers8.log
 create mode 100644 persistent_core_v2_trial/results/science/logs/501048_ERROR_reuse.workers8.log
 create mode 100644 persistent_core_v2_trial/results/science/logs/501048_REPLACE_lifetime.workers8.log
 create mode 100644 persistent_core_v2_trial/results/science/logs/501048_REPLACE_reuse.workers8.log
 create mode 100644 persistent_core_v2_trial/results/science/logs/501048_V1_lifetime.workers8.log
 create mode 100644 persistent_core_v2_trial/results/science/logs/501048_V1_reuse.workers8.log
 create mode 100644 persistent_core_v2_trial/results/science/logs/501049_BOTH_lifetime.workers8.log
 create mode 100644 persistent_core_v2_trial/results/science/logs/501049_BOTH_reuse.workers8.log
 create mode 100644 persistent_core_v2_trial/results/science/logs/501049_ERROR_lifetime.workers8.log
 create mode 100644 persistent_core_v2_trial/results/science/logs/501049_ERROR_reuse.workers8.log
 create mode 100644 persistent_core_v2_trial/results/science/logs/501049_REPLACE_lifetime.workers8.log
 create mode 100644 persistent_core_v2_trial/results/science/logs/501049_REPLACE_reuse.workers8.log
 create mode 100644 persistent_core_v2_trial/results/science/logs/501049_V1_lifetime.workers8.log
 create mode 100644 persistent_core_v2_trial/results/science/logs/501049_V1_reuse.workers8.log
 create mode 100644 persistent_core_v2_trial/results/science/logs/501050_BOTH_lifetime.workers8.log
 create mode 100644 persistent_core_v2_trial/results/science/logs/501050_BOTH_reuse.workers8.log
 create mode 100644 persistent_core_v2_trial/results/science/logs/501050_ERROR_lifetime.workers8.log
 create mode 100644 persistent_core_v2_trial/results/science/logs/501050_ERROR_reuse.workers8.log
 create mode 100644 persistent_core_v2_trial/results/science/logs/501050_REPLACE_lifetime.workers8.log
 create mode 100644 persistent_core_v2_trial/results/science/logs/501050_REPLACE_reuse.workers8.log
 create mode 100644 persistent_core_v2_trial/results/science/logs/501050_V1_lifetime.workers8.log
 create mode 100644 persistent_core_v2_trial/results/science/logs/501050_V1_reuse.workers8.log
 create mode 100644 persistent_core_v2_trial/results/science/logs/501051_BOTH_lifetime.workers8.log
 create mode 100644 persistent_core_v2_trial/results/science/logs/501051_BOTH_reuse.workers8.log
 create mode 100644 persistent_core_v2_trial/results/science/logs/501051_ERROR_lifetime.workers8.log
 create mode 100644 persistent_core_v2_trial/results/science/logs/501051_ERROR_reuse.workers8.log
 create mode 100644 persistent_core_v2_trial/results/science/logs/501051_REPLACE_lifetime.workers8.log
 create mode 100644 persistent_core_v2_trial/results/science/logs/501051_REPLACE_reuse.workers8.log
 create mode 100644 persistent_core_v2_trial/results/science/logs/501051_V1_lifetime.workers8.log
 create mode 100644 persistent_core_v2_trial/results/science/logs/501051_V1_reuse.workers8.log
 create mode 100644 persistent_core_v2_trial/results/science/logs/501052_BOTH_lifetime.workers8.log
 create mode 100644 persistent_core_v2_trial/results/science/logs/501052_BOTH_reuse.workers8.log
 create mode 100644 persistent_core_v2_trial/results/science/logs/501052_ERROR_lifetime.workers8.log
 create mode 100644 persistent_core_v2_trial/results/science/logs/501052_ERROR_reuse.workers8.log
 create mode 100644 persistent_core_v2_trial/results/science/logs/501052_REPLACE_lifetime.workers8.log
 create mode 100644 persistent_core_v2_trial/results/science/logs/501052_REPLACE_reuse.workers8.log
 create mode 100644 persistent_core_v2_trial/results/science/logs/501052_V1_lifetime.workers8.log
 create mode 100644 persistent_core_v2_trial/results/science/logs/501052_V1_reuse.workers8.log
 create mode 100644 persistent_core_v2_trial/results/science/logs/501053_BOTH_lifetime.workers8.log
 create mode 100644 persistent_core_v2_trial/results/science/logs/501053_BOTH_reuse.workers8.log
 create mode 100644 persistent_core_v2_trial/results/science/logs/501053_ERROR_lifetime.workers8.log
 create mode 100644 persistent_core_v2_trial/results/science/logs/501053_ERROR_reuse.workers8.log
 create mode 100644 persistent_core_v2_trial/results/science/logs/501053_REPLACE_lifetime.workers8.log
 create mode 100644 persistent_core_v2_trial/results/science/logs/501053_REPLACE_reuse.workers8.log
 create mode 100644 persistent_core_v2_trial/results/science/logs/501053_V1_lifetime.workers8.log
 create mode 100644 persistent_core_v2_trial/results/science/logs/501053_V1_reuse.workers8.log
 create mode 100644 persistent_core_v2_trial/results/science/logs/501054_BOTH_lifetime.workers8.log
 create mode 100644 persistent_core_v2_trial/results/science/logs/501054_BOTH_reuse.workers8.log
 create mode 100644 persistent_core_v2_trial/results/science/logs/501054_ERROR_lifetime.workers8.log
 create mode 100644 persistent_core_v2_trial/results/science/logs/501054_ERROR_reuse.workers8.log
 create mode 100644 persistent_core_v2_trial/results/science/logs/501054_REPLACE_lifetime.workers8.log
 create mode 100644 persistent_core_v2_trial/results/science/logs/501054_REPLACE_reuse.workers8.log
 create mode 100644 persistent_core_v2_trial/results/science/logs/501054_V1_lifetime.workers8.log
 create mode 100644 persistent_core_v2_trial/results/science/logs/501054_V1_reuse.workers8.log
 create mode 100644 persistent_core_v2_trial/results/science/logs/501055_BOTH_lifetime.workers8.log
 create mode 100644 persistent_core_v2_trial/results/science/logs/501055_BOTH_reuse.workers8.log
 create mode 100644 persistent_core_v2_trial/results/science/logs/501055_ERROR_lifetime.workers8.log
 create mode 100644 persistent_core_v2_trial/results/science/logs/501055_ERROR_reuse.workers8.log
 create mode 100644 persistent_core_v2_trial/results/science/logs/501055_REPLACE_lifetime.workers8.log
 create mode 100644 persistent_core_v2_trial/results/science/logs/501055_REPLACE_reuse.workers8.log
 create mode 100644 persistent_core_v2_trial/results/science/logs/501055_V1_lifetime.workers8.log
 create mode 100644 persistent_core_v2_trial/results/science/logs/501055_V1_reuse.workers8.log
 create mode 100644 persistent_core_v2_trial/results/science/logs/501056_BOTH_lifetime.workers8.log
 create mode 100644 persistent_core_v2_trial/results/science/logs/501056_BOTH_reuse.workers8.log
 create mode 100644 persistent_core_v2_trial/results/science/logs/501056_ERROR_lifetime.workers8.log
 create mode 100644 persistent_core_v2_trial/results/science/logs/501056_ERROR_reuse.workers8.log
 create mode 100644 persistent_core_v2_trial/results/science/logs/501056_REPLACE_lifetime.workers8.log
 create mode 100644 persistent_core_v2_trial/results/science/logs/501056_REPLACE_reuse.workers8.log
 create mode 100644 persistent_core_v2_trial/results/science/logs/501056_V1_lifetime.workers8.log
 create mode 100644 persistent_core_v2_trial/results/science/logs/501056_V1_reuse.workers8.log
 create mode 100644 persistent_core_v2_trial/results/science/logs/501057_BOTH_lifetime.workers8.log
 create mode 100644 persistent_core_v2_trial/results/science/logs/501057_BOTH_reuse.workers8.log
 create mode 100644 persistent_core_v2_trial/results/science/logs/501057_ERROR_lifetime.workers8.log
 create mode 100644 persistent_core_v2_trial/results/science/logs/501057_ERROR_reuse.workers8.log
 create mode 100644 persistent_core_v2_trial/results/science/logs/501057_REPLACE_lifetime.workers8.log
 create mode 100644 persistent_core_v2_trial/results/science/logs/501057_REPLACE_reuse.workers8.log
 create mode 100644 persistent_core_v2_trial/results/science/logs/501057_V1_lifetime.workers8.log
 create mode 100644 persistent_core_v2_trial/results/science/logs/501057_V1_reuse.workers8.log
 create mode 100644 persistent_core_v2_trial/results/science/logs/501058_BOTH_lifetime.workers8.log
 create mode 100644 persistent_core_v2_trial/results/science/logs/501058_BOTH_reuse.workers8.log
 create mode 100644 persistent_core_v2_trial/results/science/logs/501058_ERROR_lifetime.workers8.log
 create mode 100644 persistent_core_v2_trial/results/science/logs/501058_ERROR_reuse.workers8.log
 create mode 100644 persistent_core_v2_trial/results/science/logs/501058_REPLACE_lifetime.workers8.log
 create mode 100644 persistent_core_v2_trial/results/science/logs/501058_REPLACE_reuse.workers8.log
 create mode 100644 persistent_core_v2_trial/results/science/logs/501058_V1_lifetime.workers8.log
 create mode 100644 persistent_core_v2_trial/results/science/logs/501058_V1_reuse.workers8.log
 create mode 100644 persistent_core_v2_trial/results/science/logs/501059_BOTH_lifetime.workers8.log
 create mode 100644 persistent_core_v2_trial/results/science/logs/501059_BOTH_reuse.workers8.log
 create mode 100644 persistent_core_v2_trial/results/science/logs/501059_ERROR_lifetime.workers8.log
 create mode 100644 persistent_core_v2_trial/results/science/logs/501059_ERROR_reuse.workers8.log
 create mode 100644 persistent_core_v2_trial/results/science/logs/501059_REPLACE_lifetime.workers8.log
 create mode 100644 persistent_core_v2_trial/results/science/logs/501059_REPLACE_reuse.workers8.log
 create mode 100644 persistent_core_v2_trial/results/science/logs/501059_V1_lifetime.workers8.log
 create mode 100644 persistent_core_v2_trial/results/science/logs/501059_V1_reuse.workers8.log
 create mode 100644 persistent_core_v2_trial/results/science/logs/501060_BOTH_lifetime.workers8.log
 create mode 100644 persistent_core_v2_trial/results/science/logs/501060_BOTH_reuse.workers8.log
 create mode 100644 persistent_core_v2_trial/results/science/logs/501060_ERROR_lifetime.workers8.log
 create mode 100644 persistent_core_v2_trial/results/science/logs/501060_ERROR_reuse.workers8.log
 create mode 100644 persistent_core_v2_trial/results/science/logs/501060_REPLACE_lifetime.workers8.log
 create mode 100644 persistent_core_v2_trial/results/science/logs/501060_REPLACE_reuse.workers8.log
 create mode 100644 persistent_core_v2_trial/results/science/logs/501060_V1_lifetime.workers8.log
 create mode 100644 persistent_core_v2_trial/results/science/logs/501060_V1_reuse.workers8.log
 create mode 100644 persistent_core_v2_trial/results/science/logs/501061_BOTH_lifetime.workers8.log
 create mode 100644 persistent_core_v2_trial/results/science/logs/501061_BOTH_reuse.workers8.log
 create mode 100644 persistent_core_v2_trial/results/science/logs/501061_ERROR_lifetime.workers8.log
 create mode 100644 persistent_core_v2_trial/results/science/logs/501061_ERROR_reuse.workers8.log
 create mode 100644 persistent_core_v2_trial/results/science/logs/501061_REPLACE_lifetime.workers8.log
 create mode 100644 persistent_core_v2_trial/results/science/logs/501061_REPLACE_reuse.workers8.log
 create mode 100644 persistent_core_v2_trial/results/science/logs/501061_V1_lifetime.workers8.log
 create mode 100644 persistent_core_v2_trial/results/science/logs/501061_V1_reuse.workers8.log
 create mode 100644 persistent_core_v2_trial/results/science/logs/501062_BOTH_lifetime.workers8.log
 create mode 100644 persistent_core_v2_trial/results/science/logs/501062_BOTH_reuse.workers8.log
 create mode 100644 persistent_core_v2_trial/results/science/logs/501062_ERROR_lifetime.workers8.log
 create mode 100644 persistent_core_v2_trial/results/science/logs/501062_ERROR_reuse.workers8.log
 create mode 100644 persistent_core_v2_trial/results/science/logs/501062_REPLACE_lifetime.workers8.log
 create mode 100644 persistent_core_v2_trial/results/science/logs/501062_REPLACE_reuse.workers8.log
 create mode 100644 persistent_core_v2_trial/results/science/logs/501062_V1_lifetime.workers8.log
 create mode 100644 persistent_core_v2_trial/results/science/logs/501062_V1_reuse.workers8.log
 create mode 100644 persistent_core_v2_trial/results/science/logs/501063_BOTH_lifetime.workers8.log
 create mode 100644 persistent_core_v2_trial/results/science/logs/501063_BOTH_reuse.workers8.log
 create mode 100644 persistent_core_v2_trial/results/science/logs/501063_ERROR_lifetime.workers8.log
 create mode 100644 persistent_core_v2_trial/results/science/logs/501063_ERROR_reuse.workers8.log
 create mode 100644 persistent_core_v2_trial/results/science/logs/501063_REPLACE_lifetime.workers8.log
 create mode 100644 persistent_core_v2_trial/results/science/logs/501063_REPLACE_reuse.workers8.log
 create mode 100644 persistent_core_v2_trial/results/science/logs/501063_V1_lifetime.workers8.log
 create mode 100644 persistent_core_v2_trial/results/science/logs/501063_V1_reuse.workers8.log
 create mode 100644 persistent_core_v2_trial/results/science/logs/501064_BOTH_lifetime.workers8.log
 create mode 100644 persistent_core_v2_trial/results/science/logs/501064_BOTH_reuse.workers8.log
 create mode 100644 persistent_core_v2_trial/results/science/logs/501064_ERROR_lifetime.workers8.log
 create mode 100644 persistent_core_v2_trial/results/science/logs/501064_ERROR_reuse.workers8.log
 create mode 100644 persistent_core_v2_trial/results/science/logs/501064_REPLACE_lifetime.workers8.log
 create mode 100644 persistent_core_v2_trial/results/science/logs/501064_REPLACE_reuse.workers8.log
 create mode 100644 persistent_core_v2_trial/results/science/logs/501064_V1_lifetime.workers8.log
 create mode 100644 persistent_core_v2_trial/results/science/logs/501064_V1_reuse.workers8.log
 create mode 100644 persistent_core_v2_trial/results/science/logs/501065_BOTH_lifetime.workers8.log
 create mode 100644 persistent_core_v2_trial/results/science/logs/501065_BOTH_reuse.workers8.log
 create mode 100644 persistent_core_v2_trial/results/science/logs/501065_ERROR_lifetime.workers8.log
 create mode 100644 persistent_core_v2_trial/results/science/logs/501065_ERROR_reuse.workers8.log
 create mode 100644 persistent_core_v2_trial/results/science/logs/501065_REPLACE_lifetime.workers8.log
 create mode 100644 persistent_core_v2_trial/results/science/logs/501065_REPLACE_reuse.workers8.log
 create mode 100644 persistent_core_v2_trial/results/science/logs/501065_V1_lifetime.workers8.log
 create mode 100644 persistent_core_v2_trial/results/science/logs/501065_V1_reuse.workers8.log
 create mode 100644 persistent_core_v2_trial/results/science/logs/501066_BOTH_lifetime.workers8.log
 create mode 100644 persistent_core_v2_trial/results/science/logs/501066_BOTH_reuse.workers8.log
 create mode 100644 persistent_core_v2_trial/results/science/logs/501066_ERROR_lifetime.workers8.log
 create mode 100644 persistent_core_v2_trial/results/science/logs/501066_ERROR_reuse.workers8.log
 create mode 100644 persistent_core_v2_trial/results/science/logs/501066_REPLACE_lifetime.workers8.log
 create mode 100644 persistent_core_v2_trial/results/science/logs/501066_REPLACE_reuse.workers8.log
 create mode 100644 persistent_core_v2_trial/results/science/logs/501066_V1_lifetime.workers8.log
 create mode 100644 persistent_core_v2_trial/results/science/logs/501066_V1_reuse.workers8.log
 create mode 100644 persistent_core_v2_trial/results/science/logs/501067_BOTH_lifetime.workers8.log
 create mode 100644 persistent_core_v2_trial/results/science/logs/501067_BOTH_reuse.workers8.log
 create mode 100644 persistent_core_v2_trial/results/science/logs/501067_ERROR_lifetime.workers8.log
 create mode 100644 persistent_core_v2_trial/results/science/logs/501067_ERROR_reuse.workers8.log
 create mode 100644 persistent_core_v2_trial/results/science/logs/501067_REPLACE_lifetime.workers8.log
 create mode 100644 persistent_core_v2_trial/results/science/logs/501067_REPLACE_reuse.workers8.log
 create mode 100644 persistent_core_v2_trial/results/science/logs/501067_V1_lifetime.workers8.log
 create mode 100644 persistent_core_v2_trial/results/science/logs/501067_V1_reuse.workers8.log
 create mode 100644 persistent_core_v2_trial/results/science/logs/501068_BOTH_lifetime.workers8.log
 create mode 100644 persistent_core_v2_trial/results/science/logs/501068_BOTH_reuse.workers8.log
 create mode 100644 persistent_core_v2_trial/results/science/logs/501068_ERROR_lifetime.workers8.log
 create mode 100644 persistent_core_v2_trial/results/science/logs/501068_ERROR_reuse.workers8.log
 create mode 100644 persistent_core_v2_trial/results/science/logs/501068_REPLACE_lifetime.workers8.log
 create mode 100644 persistent_core_v2_trial/results/science/logs/501068_REPLACE_reuse.workers8.log
 create mode 100644 persistent_core_v2_trial/results/science/logs/501068_V1_lifetime.workers8.log
 create mode 100644 persistent_core_v2_trial/results/science/logs/501068_V1_reuse.workers8.log
 create mode 100644 persistent_core_v2_trial/results/science/logs/501069_BOTH_lifetime.workers8.log
 create mode 100644 persistent_core_v2_trial/results/science/logs/501069_BOTH_reuse.workers8.log
 create mode 100644 persistent_core_v2_trial/results/science/logs/501069_ERROR_lifetime.workers8.log
 create mode 100644 persistent_core_v2_trial/results/science/logs/501069_ERROR_reuse.workers8.log
 create mode 100644 persistent_core_v2_trial/results/science/logs/501069_REPLACE_lifetime.workers8.log
 create mode 100644 persistent_core_v2_trial/results/science/logs/501069_REPLACE_reuse.workers8.log
 create mode 100644 persistent_core_v2_trial/results/science/logs/501069_V1_lifetime.workers8.log
 create mode 100644 persistent_core_v2_trial/results/science/logs/501069_V1_reuse.workers8.log
 create mode 100644 persistent_core_v2_trial/results/science/logs/501070_BOTH_lifetime.workers8.log
 create mode 100644 persistent_core_v2_trial/results/science/logs/501070_BOTH_reuse.workers8.log
 create mode 100644 persistent_core_v2_trial/results/science/logs/501070_ERROR_lifetime.workers8.log
 create mode 100644 persistent_core_v2_trial/results/science/logs/501070_ERROR_reuse.workers8.log
 create mode 100644 persistent_core_v2_trial/results/science/logs/501070_REPLACE_lifetime.workers8.log
 create mode 100644 persistent_core_v2_trial/results/science/logs/501070_REPLACE_reuse.workers8.log
 create mode 100644 persistent_core_v2_trial/results/science/logs/501070_V1_lifetime.workers8.log
 create mode 100644 persistent_core_v2_trial/results/science/logs/501070_V1_reuse.workers8.log
 create mode 100644 persistent_core_v2_trial/results/science/logs/501071_BOTH_lifetime.workers8.log
 create mode 100644 persistent_core_v2_trial/results/science/logs/501071_BOTH_reuse.workers8.log
 create mode 100644 persistent_core_v2_trial/results/science/logs/501071_ERROR_lifetime.workers8.log
 create mode 100644 persistent_core_v2_trial/results/science/logs/501071_ERROR_reuse.workers8.log
 create mode 100644 persistent_core_v2_trial/results/science/logs/501071_REPLACE_lifetime.workers8.log
 create mode 100644 persistent_core_v2_trial/results/science/logs/501071_REPLACE_reuse.workers8.log
 create mode 100644 persistent_core_v2_trial/results/science/logs/501071_V1_lifetime.workers8.log
 create mode 100644 persistent_core_v2_trial/results/science/logs/501071_V1_reuse.workers8.log
 create mode 100644 persistent_core_v2_trial/results/science/logs/501072_BOTH_lifetime.workers8.log
 create mode 100644 persistent_core_v2_trial/results/science/logs/501072_BOTH_reuse.workers8.log
 create mode 100644 persistent_core_v2_trial/results/science/logs/501072_ERROR_lifetime.workers8.log
 create mode 100644 persistent_core_v2_trial/results/science/logs/501072_ERROR_reuse.workers8.log
 create mode 100644 persistent_core_v2_trial/results/science/logs/501072_REPLACE_lifetime.workers8.log
 create mode 100644 persistent_core_v2_trial/results/science/logs/501072_REPLACE_reuse.workers8.log
 create mode 100644 persistent_core_v2_trial/results/science/logs/501072_V1_lifetime.workers8.log
 create mode 100644 persistent_core_v2_trial/results/science/logs/501072_V1_reuse.workers8.log
 create mode 100644 persistent_core_v2_trial/results/science/logs/501073_BOTH_lifetime.workers8.log
 create mode 100644 persistent_core_v2_trial/results/science/logs/501073_BOTH_reuse.workers8.log
 create mode 100644 persistent_core_v2_trial/results/science/logs/501073_ERROR_lifetime.workers8.log
 create mode 100644 persistent_core_v2_trial/results/science/logs/501073_ERROR_reuse.workers8.log
 create mode 100644 persistent_core_v2_trial/results/science/logs/501073_REPLACE_lifetime.workers8.log
 create mode 100644 persistent_core_v2_trial/results/science/logs/501073_REPLACE_reuse.workers8.log
 create mode 100644 persistent_core_v2_trial/results/science/logs/501073_V1_lifetime.workers8.log
 create mode 100644 persistent_core_v2_trial/results/science/logs/501073_V1_reuse.workers8.log
 create mode 100644 persistent_core_v2_trial/results/science/logs/501074_BOTH_lifetime.workers8.log
 create mode 100644 persistent_core_v2_trial/results/science/logs/501074_BOTH_reuse.workers8.log
 create mode 100644 persistent_core_v2_trial/results/science/logs/501074_ERROR_lifetime.workers8.log
 create mode 100644 persistent_core_v2_trial/results/science/logs/501074_ERROR_reuse.workers8.log
 create mode 100644 persistent_core_v2_trial/results/science/logs/501074_REPLACE_lifetime.workers8.log
 create mode 100644 persistent_core_v2_trial/results/science/logs/501074_REPLACE_reuse.workers8.log
 create mode 100644 persistent_core_v2_trial/results/science/logs/501074_V1_lifetime.workers8.log
 create mode 100644 persistent_core_v2_trial/results/science/logs/501074_V1_reuse.workers8.log
 create mode 100644 persistent_core_v2_trial/results/science/logs/501075_BOTH_lifetime.workers8.log
 create mode 100644 persistent_core_v2_trial/results/science/logs/501075_BOTH_reuse.workers8.log
 create mode 100644 persistent_core_v2_trial/results/science/logs/501075_ERROR_lifetime.workers8.log
 create mode 100644 persistent_core_v2_trial/results/science/logs/501075_ERROR_reuse.workers8.log
 create mode 100644 persistent_core_v2_trial/results/science/logs/501075_REPLACE_lifetime.workers8.log
 create mode 100644 persistent_core_v2_trial/results/science/logs/501075_REPLACE_reuse.workers8.log
 create mode 100644 persistent_core_v2_trial/results/science/logs/501075_V1_lifetime.workers8.log
 create mode 100644 persistent_core_v2_trial/results/science/logs/501075_V1_reuse.workers8.log
 create mode 100644 persistent_core_v2_trial/results/science/logs/501076_BOTH_lifetime.workers8.log
 create mode 100644 persistent_core_v2_trial/results/science/logs/501076_BOTH_reuse.workers8.log
 create mode 100644 persistent_core_v2_trial/results/science/logs/501076_ERROR_lifetime.workers8.log
 create mode 100644 persistent_core_v2_trial/results/science/logs/501076_ERROR_reuse.workers8.log
 create mode 100644 persistent_core_v2_trial/results/science/logs/501076_REPLACE_lifetime.workers8.log
 create mode 100644 persistent_core_v2_trial/results/science/logs/501076_REPLACE_reuse.workers8.log
 create mode 100644 persistent_core_v2_trial/results/science/logs/501076_V1_lifetime.workers8.log
 create mode 100644 persistent_core_v2_trial/results/science/logs/501076_V1_reuse.workers8.log
 create mode 100644 persistent_core_v2_trial/results/science/logs/501077_BOTH_lifetime.workers8.log
 create mode 100644 persistent_core_v2_trial/results/science/logs/501077_BOTH_reuse.workers8.log
 create mode 100644 persistent_core_v2_trial/results/science/logs/501077_ERROR_lifetime.workers8.log
 create mode 100644 persistent_core_v2_trial/results/science/logs/501077_ERROR_reuse.workers8.log
 create mode 100644 persistent_core_v2_trial/results/science/logs/501077_REPLACE_lifetime.workers8.log
 create mode 100644 persistent_core_v2_trial/results/science/logs/501077_REPLACE_reuse.workers8.log
 create mode 100644 persistent_core_v2_trial/results/science/logs/501077_V1_lifetime.workers8.log
 create mode 100644 persistent_core_v2_trial/results/science/logs/501077_V1_reuse.workers8.log
 create mode 100644 persistent_core_v2_trial/results/science/logs/501078_BOTH_lifetime.workers8.log
 create mode 100644 persistent_core_v2_trial/results/science/logs/501078_BOTH_reuse.workers8.log
 create mode 100644 persistent_core_v2_trial/results/science/logs/501078_ERROR_lifetime.workers8.log
 create mode 100644 persistent_core_v2_trial/results/science/logs/501078_ERROR_reuse.workers8.log
 create mode 100644 persistent_core_v2_trial/results/science/logs/501078_REPLACE_lifetime.workers8.log
 create mode 100644 persistent_core_v2_trial/results/science/logs/501078_REPLACE_reuse.workers8.log
 create mode 100644 persistent_core_v2_trial/results/science/logs/501078_V1_lifetime.workers8.log
 create mode 100644 persistent_core_v2_trial/results/science/logs/501078_V1_reuse.workers8.log
 create mode 100644 persistent_core_v2_trial/results/science/logs/501079_BOTH_lifetime.workers8.log
 create mode 100644 persistent_core_v2_trial/results/science/logs/501079_BOTH_reuse.workers8.log
 create mode 100644 persistent_core_v2_trial/results/science/logs/501079_ERROR_lifetime.workers8.log
 create mode 100644 persistent_core_v2_trial/results/science/logs/501079_ERROR_reuse.workers8.log
 create mode 100644 persistent_core_v2_trial/results/science/logs/501079_REPLACE_lifetime.workers8.log
 create mode 100644 persistent_core_v2_trial/results/science/logs/501079_REPLACE_reuse.workers8.log
 create mode 100644 persistent_core_v2_trial/results/science/logs/501079_V1_lifetime.workers8.log
 create mode 100644 persistent_core_v2_trial/results/science/logs/501079_V1_reuse.workers8.log
 create mode 100644 persistent_core_v2_trial/results/science/logs/501080_BOTH_lifetime.workers8.log
 create mode 100644 persistent_core_v2_trial/results/science/logs/501080_BOTH_reuse.workers8.log
 create mode 100644 persistent_core_v2_trial/results/science/logs/501080_ERROR_lifetime.workers8.log
 create mode 100644 persistent_core_v2_trial/results/science/logs/501080_ERROR_reuse.workers8.log
 create mode 100644 persistent_core_v2_trial/results/science/logs/501080_REPLACE_lifetime.workers8.log
 create mode 100644 persistent_core_v2_trial/results/science/logs/501080_REPLACE_reuse.workers8.log
 create mode 100644 persistent_core_v2_trial/results/science/logs/501080_V1_lifetime.workers8.log
 create mode 100644 persistent_core_v2_trial/results/science/logs/501080_V1_reuse.workers8.log
 create mode 100644 persistent_core_v2_trial/results/science/logs/501081_BOTH_lifetime.workers8.log
 create mode 100644 persistent_core_v2_trial/results/science/logs/501081_BOTH_reuse.workers8.log
 create mode 100644 persistent_core_v2_trial/results/science/logs/501081_ERROR_lifetime.workers8.log
 create mode 100644 persistent_core_v2_trial/results/science/logs/501081_ERROR_reuse.workers8.log
 create mode 100644 persistent_core_v2_trial/results/science/logs/501081_REPLACE_lifetime.workers8.log
 create mode 100644 persistent_core_v2_trial/results/science/logs/501081_REPLACE_reuse.workers8.log
 create mode 100644 persistent_core_v2_trial/results/science/logs/501081_V1_lifetime.workers8.log
 create mode 100644 persistent_core_v2_trial/results/science/logs/501081_V1_reuse.workers8.log
 create mode 100644 persistent_core_v2_trial/results/science/logs/501082_BOTH_lifetime.workers8.log
 create mode 100644 persistent_core_v2_trial/results/science/logs/501082_BOTH_reuse.workers8.log
 create mode 100644 persistent_core_v2_trial/results/science/logs/501082_ERROR_lifetime.workers8.log
 create mode 100644 persistent_core_v2_trial/results/science/logs/501082_ERROR_reuse.workers8.log
 create mode 100644 persistent_core_v2_trial/results/science/logs/501082_REPLACE_lifetime.workers8.log
 create mode 100644 persistent_core_v2_trial/results/science/logs/501082_REPLACE_reuse.workers8.log
 create mode 100644 persistent_core_v2_trial/results/science/logs/501082_V1_lifetime.workers8.log
 create mode 100644 persistent_core_v2_trial/results/science/logs/501082_V1_reuse.workers8.log
 create mode 100644 persistent_core_v2_trial/results/science/logs/501083_BOTH_lifetime.workers8.log
 create mode 100644 persistent_core_v2_trial/results/science/logs/501083_BOTH_reuse.workers8.log
 create mode 100644 persistent_core_v2_trial/results/science/logs/501083_ERROR_lifetime.workers8.log
 create mode 100644 persistent_core_v2_trial/results/science/logs/501083_ERROR_reuse.workers8.log
 create mode 100644 persistent_core_v2_trial/results/science/logs/501083_REPLACE_lifetime.workers8.log
 create mode 100644 persistent_core_v2_trial/results/science/logs/501083_REPLACE_reuse.workers8.log
 create mode 100644 persistent_core_v2_trial/results/science/logs/501083_V1_lifetime.workers8.log
 create mode 100644 persistent_core_v2_trial/results/science/logs/501083_V1_reuse.workers8.log
 create mode 100644 persistent_core_v2_trial/results/science/logs/501084_BOTH_lifetime.workers8.log
 create mode 100644 persistent_core_v2_trial/results/science/logs/501084_BOTH_reuse.workers8.log
 create mode 100644 persistent_core_v2_trial/results/science/logs/501084_ERROR_lifetime.workers8.log
 create mode 100644 persistent_core_v2_trial/results/science/logs/501084_ERROR_reuse.workers8.log
 create mode 100644 persistent_core_v2_trial/results/science/logs/501084_REPLACE_lifetime.workers8.log
 create mode 100644 persistent_core_v2_trial/results/science/logs/501084_REPLACE_reuse.workers8.log
 create mode 100644 persistent_core_v2_trial/results/science/logs/501084_V1_lifetime.workers8.log
 create mode 100644 persistent_core_v2_trial/results/science/logs/501084_V1_reuse.workers8.log
 create mode 100644 persistent_core_v2_trial/results/science/logs/501085_BOTH_lifetime.workers8.log
 create mode 100644 persistent_core_v2_trial/results/science/logs/501085_BOTH_reuse.workers8.log
 create mode 100644 persistent_core_v2_trial/results/science/logs/501085_ERROR_lifetime.workers8.log
 create mode 100644 persistent_core_v2_trial/results/science/logs/501085_ERROR_reuse.workers8.log
 create mode 100644 persistent_core_v2_trial/results/science/logs/501085_REPLACE_lifetime.workers8.log
 create mode 100644 persistent_core_v2_trial/results/science/logs/501085_REPLACE_reuse.workers8.log
 create mode 100644 persistent_core_v2_trial/results/science/logs/501085_V1_lifetime.workers8.log
 create mode 100644 persistent_core_v2_trial/results/science/logs/501085_V1_reuse.workers8.log
 create mode 100644 persistent_core_v2_trial/results/science/logs/501086_BOTH_lifetime.workers8.log
 create mode 100644 persistent_core_v2_trial/results/science/logs/501086_BOTH_reuse.workers8.log
 create mode 100644 persistent_core_v2_trial/results/science/logs/501086_ERROR_lifetime.workers8.log
 create mode 100644 persistent_core_v2_trial/results/science/logs/501086_ERROR_reuse.workers8.log
 create mode 100644 persistent_core_v2_trial/results/science/logs/501086_REPLACE_lifetime.workers8.log
 create mode 100644 persistent_core_v2_trial/results/science/logs/501086_REPLACE_reuse.workers8.log
 create mode 100644 persistent_core_v2_trial/results/science/logs/501086_V1_lifetime.workers8.log
 create mode 100644 persistent_core_v2_trial/results/science/logs/501086_V1_reuse.workers8.log
 create mode 100644 persistent_core_v2_trial/results/science/logs/501087_BOTH_lifetime.workers8.log
 create mode 100644 persistent_core_v2_trial/results/science/logs/501087_BOTH_reuse.workers8.log
 create mode 100644 persistent_core_v2_trial/results/science/logs/501087_ERROR_lifetime.workers8.log
 create mode 100644 persistent_core_v2_trial/results/science/logs/501087_ERROR_reuse.workers8.log
 create mode 100644 persistent_core_v2_trial/results/science/logs/501087_REPLACE_lifetime.workers8.log
 create mode 100644 persistent_core_v2_trial/results/science/logs/501087_REPLACE_reuse.workers8.log
 create mode 100644 persistent_core_v2_trial/results/science/logs/501087_V1_lifetime.workers8.log
 create mode 100644 persistent_core_v2_trial/results/science/logs/501087_V1_reuse.workers8.log
 create mode 100644 persistent_core_v2_trial/results/science/logs/501088_BOTH_lifetime.workers8.log
 create mode 100644 persistent_core_v2_trial/results/science/logs/501088_BOTH_reuse.workers8.log
 create mode 100644 persistent_core_v2_trial/results/science/logs/501088_ERROR_lifetime.workers8.log
 create mode 100644 persistent_core_v2_trial/results/science/logs/501088_ERROR_reuse.workers8.log
 create mode 100644 persistent_core_v2_trial/results/science/logs/501088_REPLACE_lifetime.workers8.log
 create mode 100644 persistent_core_v2_trial/results/science/logs/501088_REPLACE_reuse.workers8.log
 create mode 100644 persistent_core_v2_trial/results/science/logs/501088_V1_lifetime.workers8.log
 create mode 100644 persistent_core_v2_trial/results/science/logs/501088_V1_reuse.workers8.log
 create mode 100644 persistent_core_v2_trial/results/science/logs/501089_BOTH_lifetime.workers8.log
 create mode 100644 persistent_core_v2_trial/results/science/logs/501089_BOTH_reuse.workers8.log
 create mode 100644 persistent_core_v2_trial/results/science/logs/501089_ERROR_lifetime.workers8.log
 create mode 100644 persistent_core_v2_trial/results/science/logs/501089_ERROR_reuse.workers8.log
 create mode 100644 persistent_core_v2_trial/results/science/logs/501089_REPLACE_lifetime.workers8.log
 create mode 100644 persistent_core_v2_trial/results/science/logs/501089_REPLACE_reuse.workers8.log
 create mode 100644 persistent_core_v2_trial/results/science/logs/501089_V1_lifetime.workers8.log
 create mode 100644 persistent_core_v2_trial/results/science/logs/501089_V1_reuse.workers8.log
 create mode 100644 persistent_core_v2_trial/results/science/logs/501090_BOTH_lifetime.workers8.log
 create mode 100644 persistent_core_v2_trial/results/science/logs/501090_BOTH_reuse.workers8.log
 create mode 100644 persistent_core_v2_trial/results/science/logs/501090_ERROR_lifetime.workers8.log
 create mode 100644 persistent_core_v2_trial/results/science/logs/501090_ERROR_reuse.workers8.log
 create mode 100644 persistent_core_v2_trial/results/science/logs/501090_REPLACE_lifetime.workers8.log
 create mode 100644 persistent_core_v2_trial/results/science/logs/501090_REPLACE_reuse.workers8.log
 create mode 100644 persistent_core_v2_trial/results/science/logs/501090_V1_lifetime.workers8.log
 create mode 100644 persistent_core_v2_trial/results/science/logs/501090_V1_reuse.workers8.log
 create mode 100644 persistent_core_v2_trial/results/science/logs/501091_BOTH_lifetime.workers8.log
 create mode 100644 persistent_core_v2_trial/results/science/logs/501091_BOTH_reuse.workers8.log
 create mode 100644 persistent_core_v2_trial/results/science/logs/501091_ERROR_lifetime.workers8.log
 create mode 100644 persistent_core_v2_trial/results/science/logs/501091_ERROR_reuse.workers8.log
 create mode 100644 persistent_core_v2_trial/results/science/logs/501091_REPLACE_lifetime.workers8.log
 create mode 100644 persistent_core_v2_trial/results/science/logs/501091_REPLACE_reuse.workers8.log
 create mode 100644 persistent_core_v2_trial/results/science/logs/501091_V1_lifetime.workers8.log
 create mode 100644 persistent_core_v2_trial/results/science/logs/501091_V1_reuse.workers8.log
 create mode 100644 persistent_core_v2_trial/results/science/logs/501092_BOTH_lifetime.workers8.log
 create mode 100644 persistent_core_v2_trial/results/science/logs/501092_BOTH_reuse.workers8.log
 create mode 100644 persistent_core_v2_trial/results/science/logs/501092_ERROR_lifetime.workers8.log
 create mode 100644 persistent_core_v2_trial/results/science/logs/501092_ERROR_reuse.workers8.log
 create mode 100644 persistent_core_v2_trial/results/science/logs/501092_REPLACE_lifetime.workers8.log
 create mode 100644 persistent_core_v2_trial/results/science/logs/501092_REPLACE_reuse.workers8.log
 create mode 100644 persistent_core_v2_trial/results/science/logs/501092_V1_lifetime.workers8.log
 create mode 100644 persistent_core_v2_trial/results/science/logs/501092_V1_reuse.workers8.log
 create mode 100644 persistent_core_v2_trial/results/science/logs/501093_BOTH_lifetime.workers8.log
 create mode 100644 persistent_core_v2_trial/results/science/logs/501093_BOTH_reuse.workers8.log
 create mode 100644 persistent_core_v2_trial/results/science/logs/501093_ERROR_lifetime.workers8.log
 create mode 100644 persistent_core_v2_trial/results/science/logs/501093_ERROR_reuse.workers8.log
 create mode 100644 persistent_core_v2_trial/results/science/logs/501093_REPLACE_lifetime.workers8.log
 create mode 100644 persistent_core_v2_trial/results/science/logs/501093_REPLACE_reuse.workers8.log
 create mode 100644 persistent_core_v2_trial/results/science/logs/501093_V1_lifetime.workers8.log
 create mode 100644 persistent_core_v2_trial/results/science/logs/501093_V1_reuse.workers8.log
 create mode 100644 persistent_core_v2_trial/results/science/logs/501094_BOTH_lifetime.workers8.log
 create mode 100644 persistent_core_v2_trial/results/science/logs/501094_BOTH_reuse.workers8.log
 create mode 100644 persistent_core_v2_trial/results/science/logs/501094_ERROR_lifetime.workers8.log
 create mode 100644 persistent_core_v2_trial/results/science/logs/501094_ERROR_reuse.workers8.log
 create mode 100644 persistent_core_v2_trial/results/science/logs/501094_REPLACE_lifetime.workers8.log
 create mode 100644 persistent_core_v2_trial/results/science/logs/501094_REPLACE_reuse.workers8.log
 create mode 100644 persistent_core_v2_trial/results/science/logs/501094_V1_lifetime.workers8.log
 create mode 100644 persistent_core_v2_trial/results/science/logs/501094_V1_reuse.workers8.log
 create mode 100644 persistent_core_v2_trial/results/science/logs/501095_BOTH_lifetime.workers8.log
 create mode 100644 persistent_core_v2_trial/results/science/logs/501095_BOTH_reuse.workers8.log
 create mode 100644 persistent_core_v2_trial/results/science/logs/501095_ERROR_lifetime.workers8.log
 create mode 100644 persistent_core_v2_trial/results/science/logs/501095_ERROR_reuse.workers8.log
 create mode 100644 persistent_core_v2_trial/results/science/logs/501095_REPLACE_lifetime.workers8.log
 create mode 100644 persistent_core_v2_trial/results/science/logs/501095_REPLACE_reuse.workers8.log
 create mode 100644 persistent_core_v2_trial/results/science/logs/501095_V1_lifetime.workers8.log
 create mode 100644 persistent_core_v2_trial/results/science/logs/501095_V1_reuse.workers8.log
 create mode 100644 persistent_core_v2_trial/results/science/logs/501096_BOTH_lifetime.workers8.log
 create mode 100644 persistent_core_v2_trial/results/science/logs/501096_BOTH_reuse.workers8.log
 create mode 100644 persistent_core_v2_trial/results/science/logs/501096_ERROR_lifetime.workers8.log
 create mode 100644 persistent_core_v2_trial/results/science/logs/501096_ERROR_reuse.workers8.log
 create mode 100644 persistent_core_v2_trial/results/science/logs/501096_REPLACE_lifetime.workers8.log
 create mode 100644 persistent_core_v2_trial/results/science/logs/501096_REPLACE_reuse.workers8.log
 create mode 100644 persistent_core_v2_trial/results/science/logs/501096_V1_lifetime.workers8.log
 create mode 100644 persistent_core_v2_trial/results/science/logs/501096_V1_reuse.workers8.log
 create mode 100644 persistent_core_v2_trial/results/science/receipts/501001_BOTH_lifetime.json.gz
 create mode 100644 persistent_core_v2_trial/results/science/receipts/501001_BOTH_reuse.json.gz
 create mode 100644 persistent_core_v2_trial/results/science/receipts/501001_ERROR_lifetime.json.gz
 create mode 100644 persistent_core_v2_trial/results/science/receipts/501001_ERROR_reuse.json.gz
 create mode 100644 persistent_core_v2_trial/results/science/receipts/501001_REPLACE_lifetime.json.gz
 create mode 100644 persistent_core_v2_trial/results/science/receipts/501001_REPLACE_reuse.json.gz
 create mode 100644 persistent_core_v2_trial/results/science/receipts/501001_V1_lifetime.json.gz
 create mode 100644 persistent_core_v2_trial/results/science/receipts/501001_V1_reuse.json.gz
 create mode 100644 persistent_core_v2_trial/results/science/receipts/501002_BOTH_lifetime.json.gz
 create mode 100644 persistent_core_v2_trial/results/science/receipts/501002_BOTH_reuse.json.gz
 create mode 100644 persistent_core_v2_trial/results/science/receipts/501002_ERROR_lifetime.json.gz
 create mode 100644 persistent_core_v2_trial/results/science/receipts/501002_ERROR_reuse.json.gz
 create mode 100644 persistent_core_v2_trial/results/science/receipts/501002_REPLACE_lifetime.json.gz
 create mode 100644 persistent_core_v2_trial/results/science/receipts/501002_REPLACE_reuse.json.gz
 create mode 100644 persistent_core_v2_trial/results/science/receipts/501002_V1_lifetime.json.gz
 create mode 100644 persistent_core_v2_trial/results/science/receipts/501002_V1_reuse.json.gz
 create mode 100644 persistent_core_v2_trial/results/science/receipts/501003_BOTH_lifetime.json.gz
 create mode 100644 persistent_core_v2_trial/results/science/receipts/501003_BOTH_reuse.json.gz
 create mode 100644 persistent_core_v2_trial/results/science/receipts/501003_ERROR_lifetime.json.gz
 create mode 100644 persistent_core_v2_trial/results/science/receipts/501003_ERROR_reuse.json.gz
 create mode 100644 persistent_core_v2_trial/results/science/receipts/501003_REPLACE_lifetime.json.gz
 create mode 100644 persistent_core_v2_trial/results/science/receipts/501003_REPLACE_reuse.json.gz
 create mode 100644 persistent_core_v2_trial/results/science/receipts/501003_V1_lifetime.json.gz
 create mode 100644 persistent_core_v2_trial/results/science/receipts/501003_V1_reuse.json.gz
 create mode 100644 persistent_core_v2_trial/results/science/receipts/501004_BOTH_lifetime.json.gz
 create mode 100644 persistent_core_v2_trial/results/science/receipts/501004_BOTH_reuse.json.gz
 create mode 100644 persistent_core_v2_trial/results/science/receipts/501004_ERROR_lifetime.json.gz
 create mode 100644 persistent_core_v2_trial/results/science/receipts/501004_ERROR_reuse.json.gz
 create mode 100644 persistent_core_v2_trial/results/science/receipts/501004_REPLACE_lifetime.json.gz
 create mode 100644 persistent_core_v2_trial/results/science/receipts/501004_REPLACE_reuse.json.gz
 create mode 100644 persistent_core_v2_trial/results/science/receipts/501004_V1_lifetime.json.gz
 create mode 100644 persistent_core_v2_trial/results/science/receipts/501004_V1_reuse.json.gz
 create mode 100644 persistent_core_v2_trial/results/science/receipts/501005_BOTH_lifetime.json.gz
 create mode 100644 persistent_core_v2_trial/results/science/receipts/501005_BOTH_reuse.json.gz
 create mode 100644 persistent_core_v2_trial/results/science/receipts/501005_ERROR_lifetime.json.gz
 create mode 100644 persistent_core_v2_trial/results/science/receipts/501005_ERROR_reuse.json.gz
 create mode 100644 persistent_core_v2_trial/results/science/receipts/501005_REPLACE_lifetime.json.gz
 create mode 100644 persistent_core_v2_trial/results/science/receipts/501005_REPLACE_reuse.json.gz
 create mode 100644 persistent_core_v2_trial/results/science/receipts/501005_V1_lifetime.json.gz
 create mode 100644 persistent_core_v2_trial/results/science/receipts/501005_V1_reuse.json.gz
 create mode 100644 persistent_core_v2_trial/results/science/receipts/501006_BOTH_lifetime.json.gz
 create mode 100644 persistent_core_v2_trial/results/science/receipts/501006_BOTH_reuse.json.gz
 create mode 100644 persistent_core_v2_trial/results/science/receipts/501006_ERROR_lifetime.json.gz
 create mode 100644 persistent_core_v2_trial/results/science/receipts/501006_ERROR_reuse.json.gz
 create mode 100644 persistent_core_v2_trial/results/science/receipts/501006_REPLACE_lifetime.json.gz
 create mode 100644 persistent_core_v2_trial/results/science/receipts/501006_REPLACE_reuse.json.gz
 create mode 100644 persistent_core_v2_trial/results/science/receipts/501006_V1_lifetime.json.gz
 create mode 100644 persistent_core_v2_trial/results/science/receipts/501006_V1_reuse.json.gz
 create mode 100644 persistent_core_v2_trial/results/science/receipts/501007_BOTH_lifetime.json.gz
 create mode 100644 persistent_core_v2_trial/results/science/receipts/501007_BOTH_reuse.json.gz
 create mode 100644 persistent_core_v2_trial/results/science/receipts/501007_ERROR_lifetime.json.gz
 create mode 100644 persistent_core_v2_trial/results/science/receipts/501007_ERROR_reuse.json.gz
 create mode 100644 persistent_core_v2_trial/results/science/receipts/501007_REPLACE_lifetime.json.gz
 create mode 100644 persistent_core_v2_trial/results/science/receipts/501007_REPLACE_reuse.json.gz
 create mode 100644 persistent_core_v2_trial/results/science/receipts/501007_V1_lifetime.json.gz
 create mode 100644 persistent_core_v2_trial/results/science/receipts/501007_V1_reuse.json.gz
 create mode 100644 persistent_core_v2_trial/results/science/receipts/501008_BOTH_lifetime.json.gz
 create mode 100644 persistent_core_v2_trial/results/science/receipts/501008_BOTH_reuse.json.gz
 create mode 100644 persistent_core_v2_trial/results/science/receipts/501008_ERROR_lifetime.json.gz
 create mode 100644 persistent_core_v2_trial/results/science/receipts/501008_ERROR_reuse.json.gz
 create mode 100644 persistent_core_v2_trial/results/science/receipts/501008_REPLACE_lifetime.json.gz
 create mode 100644 persistent_core_v2_trial/results/science/receipts/501008_REPLACE_reuse.json.gz
 create mode 100644 persistent_core_v2_trial/results/science/receipts/501008_V1_lifetime.json.gz
 create mode 100644 persistent_core_v2_trial/results/science/receipts/501008_V1_reuse.json.gz
 create mode 100644 persistent_core_v2_trial/results/science/receipts/501009_BOTH_lifetime.json.gz
 create mode 100644 persistent_core_v2_trial/results/science/receipts/501009_BOTH_reuse.json.gz
 create mode 100644 persistent_core_v2_trial/results/science/receipts/501009_ERROR_lifetime.json.gz
 create mode 100644 persistent_core_v2_trial/results/science/receipts/501009_ERROR_reuse.json.gz
 create mode 100644 persistent_core_v2_trial/results/science/receipts/501009_REPLACE_lifetime.json.gz
 create mode 100644 persistent_core_v2_trial/results/science/receipts/501009_REPLACE_reuse.json.gz
 create mode 100644 persistent_core_v2_trial/results/science/receipts/501009_V1_lifetime.json.gz
 create mode 100644 persistent_core_v2_trial/results/science/receipts/501009_V1_reuse.json.gz
 create mode 100644 persistent_core_v2_trial/results/science/receipts/501010_BOTH_lifetime.json.gz
 create mode 100644 persistent_core_v2_trial/results/science/receipts/501010_BOTH_reuse.json.gz
 create mode 100644 persistent_core_v2_trial/results/science/receipts/501010_ERROR_lifetime.json.gz
 create mode 100644 persistent_core_v2_trial/results/science/receipts/501010_ERROR_reuse.json.gz
 create mode 100644 persistent_core_v2_trial/results/science/receipts/501010_REPLACE_lifetime.json.gz
 create mode 100644 persistent_core_v2_trial/results/science/receipts/501010_REPLACE_reuse.json.gz
 create mode 100644 persistent_core_v2_trial/results/science/receipts/501010_V1_lifetime.json.gz
 create mode 100644 persistent_core_v2_trial/results/science/receipts/501010_V1_reuse.json.gz
 create mode 100644 persistent_core_v2_trial/results/science/receipts/501011_BOTH_lifetime.json.gz
 create mode 100644 persistent_core_v2_trial/results/science/receipts/501011_BOTH_reuse.json.gz
 create mode 100644 persistent_core_v2_trial/results/science/receipts/501011_ERROR_lifetime.json.gz
 create mode 100644 persistent_core_v2_trial/results/science/receipts/501011_ERROR_reuse.json.gz
 create mode 100644 persistent_core_v2_trial/results/science/receipts/501011_REPLACE_lifetime.json.gz
 create mode 100644 persistent_core_v2_trial/results/science/receipts/501011_REPLACE_reuse.json.gz
 create mode 100644 persistent_core_v2_trial/results/science/receipts/501011_V1_lifetime.json.gz
 create mode 100644 persistent_core_v2_trial/results/science/receipts/501011_V1_reuse.json.gz
 create mode 100644 persistent_core_v2_trial/results/science/receipts/501012_BOTH_lifetime.json.gz
 create mode 100644 persistent_core_v2_trial/results/science/receipts/501012_BOTH_reuse.json.gz
 create mode 100644 persistent_core_v2_trial/results/science/receipts/501012_ERROR_lifetime.json.gz
 create mode 100644 persistent_core_v2_trial/results/science/receipts/501012_ERROR_reuse.json.gz
 create mode 100644 persistent_core_v2_trial/results/science/receipts/501012_REPLACE_lifetime.json.gz
 create mode 100644 persistent_core_v2_trial/results/science/receipts/501012_REPLACE_reuse.json.gz
 create mode 100644 persistent_core_v2_trial/results/science/receipts/501012_V1_lifetime.json.gz
 create mode 100644 persistent_core_v2_trial/results/science/receipts/501012_V1_reuse.json.gz
 create mode 100644 persistent_core_v2_trial/results/science/receipts/501013_BOTH_lifetime.json.gz
 create mode 100644 persistent_core_v2_trial/results/science/receipts/501013_BOTH_reuse.json.gz
 create mode 100644 persistent_core_v2_trial/results/science/receipts/501013_ERROR_lifetime.json.gz
 create mode 100644 persistent_core_v2_trial/results/science/receipts/501013_ERROR_reuse.json.gz
 create mode 100644 persistent_core_v2_trial/results/science/receipts/501013_REPLACE_lifetime.json.gz
 create mode 100644 persistent_core_v2_trial/results/science/receipts/501013_REPLACE_reuse.json.gz
 create mode 100644 persistent_core_v2_trial/results/science/receipts/501013_V1_lifetime.json.gz
 create mode 100644 persistent_core_v2_trial/results/science/receipts/501013_V1_reuse.json.gz
 create mode 100644 persistent_core_v2_trial/results/science/receipts/501014_BOTH_lifetime.json.gz
 create mode 100644 persistent_core_v2_trial/results/science/receipts/501014_BOTH_reuse.json.gz
 create mode 100644 persistent_core_v2_trial/results/science/receipts/501014_ERROR_lifetime.json.gz
 create mode 100644 persistent_core_v2_trial/results/science/receipts/501014_ERROR_reuse.json.gz
 create mode 100644 persistent_core_v2_trial/results/science/receipts/501014_REPLACE_lifetime.json.gz
 create mode 100644 persistent_core_v2_trial/results/science/receipts/501014_REPLACE_reuse.json.gz
 create mode 100644 persistent_core_v2_trial/results/science/receipts/501014_V1_lifetime.json.gz
 create mode 100644 persistent_core_v2_trial/results/science/receipts/501014_V1_reuse.json.gz
 create mode 100644 persistent_core_v2_trial/results/science/receipts/501015_BOTH_lifetime.json.gz
 create mode 100644 persistent_core_v2_trial/results/science/receipts/501015_BOTH_reuse.json.gz
 create mode 100644 persistent_core_v2_trial/results/science/receipts/501015_ERROR_lifetime.json.gz
 create mode 100644 persistent_core_v2_trial/results/science/receipts/501015_ERROR_reuse.json.gz
 create mode 100644 persistent_core_v2_trial/results/science/receipts/501015_REPLACE_lifetime.json.gz
 create mode 100644 persistent_core_v2_trial/results/science/receipts/501015_REPLACE_reuse.json.gz
 create mode 100644 persistent_core_v2_trial/results/science/receipts/501015_V1_lifetime.json.gz
 create mode 100644 persistent_core_v2_trial/results/science/receipts/501015_V1_reuse.json.gz
 create mode 100644 persistent_core_v2_trial/results/science/receipts/501016_BOTH_lifetime.json.gz
 create mode 100644 persistent_core_v2_trial/results/science/receipts/501016_BOTH_reuse.json.gz
 create mode 100644 persistent_core_v2_trial/results/science/receipts/501016_ERROR_lifetime.json.gz
 create mode 100644 persistent_core_v2_trial/results/science/receipts/501016_ERROR_reuse.json.gz
 create mode 100644 persistent_core_v2_trial/results/science/receipts/501016_REPLACE_lifetime.json.gz
 create mode 100644 persistent_core_v2_trial/results/science/receipts/501016_REPLACE_reuse.json.gz
 create mode 100644 persistent_core_v2_trial/results/science/receipts/501016_V1_lifetime.json.gz
 create mode 100644 persistent_core_v2_trial/results/science/receipts/501016_V1_reuse.json.gz
 create mode 100644 persistent_core_v2_trial/results/science/receipts/501017_BOTH_lifetime.json.gz
 create mode 100644 persistent_core_v2_trial/results/science/receipts/501017_BOTH_reuse.json.gz
 create mode 100644 persistent_core_v2_trial/results/science/receipts/501017_ERROR_lifetime.json.gz
 create mode 100644 persistent_core_v2_trial/results/science/receipts/501017_ERROR_reuse.json.gz
 create mode 100644 persistent_core_v2_trial/results/science/receipts/501017_REPLACE_lifetime.json.gz
 create mode 100644 persistent_core_v2_trial/results/science/receipts/501017_REPLACE_reuse.json.gz
 create mode 100644 persistent_core_v2_trial/results/science/receipts/501017_V1_lifetime.json.gz
 create mode 100644 persistent_core_v2_trial/results/science/receipts/501017_V1_reuse.json.gz
 create mode 100644 persistent_core_v2_trial/results/science/receipts/501018_BOTH_lifetime.json.gz
 create mode 100644 persistent_core_v2_trial/results/science/receipts/501018_BOTH_reuse.json.gz
 create mode 100644 persistent_core_v2_trial/results/science/receipts/501018_ERROR_lifetime.json.gz
 create mode 100644 persistent_core_v2_trial/results/science/receipts/501018_ERROR_reuse.json.gz
 create mode 100644 persistent_core_v2_trial/results/science/receipts/501018_REPLACE_lifetime.json.gz
 create mode 100644 persistent_core_v2_trial/results/science/receipts/501018_REPLACE_reuse.json.gz
 create mode 100644 persistent_core_v2_trial/results/science/receipts/501018_V1_lifetime.json.gz
 create mode 100644 persistent_core_v2_trial/results/science/receipts/501018_V1_reuse.json.gz
 create mode 100644 persistent_core_v2_trial/results/science/receipts/501019_BOTH_lifetime.json.gz
 create mode 100644 persistent_core_v2_trial/results/science/receipts/501019_BOTH_reuse.json.gz
 create mode 100644 persistent_core_v2_trial/results/science/receipts/501019_ERROR_lifetime.json.gz
 create mode 100644 persistent_core_v2_trial/results/science/receipts/501019_ERROR_reuse.json.gz
 create mode 100644 persistent_core_v2_trial/results/science/receipts/501019_REPLACE_lifetime.json.gz
 create mode 100644 persistent_core_v2_trial/results/science/receipts/501019_REPLACE_reuse.json.gz
 create mode 100644 persistent_core_v2_trial/results/science/receipts/501019_V1_lifetime.json.gz
 create mode 100644 persistent_core_v2_trial/results/science/receipts/501019_V1_reuse.json.gz
 create mode 100644 persistent_core_v2_trial/results/science/receipts/501020_BOTH_lifetime.json.gz
 create mode 100644 persistent_core_v2_trial/results/science/receipts/501020_BOTH_reuse.json.gz
 create mode 100644 persistent_core_v2_trial/results/science/receipts/501020_ERROR_lifetime.json.gz
 create mode 100644 persistent_core_v2_trial/results/science/receipts/501020_ERROR_reuse.json.gz
 create mode 100644 persistent_core_v2_trial/results/science/receipts/501020_REPLACE_lifetime.json.gz
 create mode 100644 persistent_core_v2_trial/results/science/receipts/501020_REPLACE_reuse.json.gz
 create mode 100644 persistent_core_v2_trial/results/science/receipts/501020_V1_lifetime.json.gz
 create mode 100644 persistent_core_v2_trial/results/science/receipts/501020_V1_reuse.json.gz
 create mode 100644 persistent_core_v2_trial/results/science/receipts/501021_BOTH_lifetime.json.gz
 create mode 100644 persistent_core_v2_trial/results/science/receipts/501021_BOTH_reuse.json.gz
 create mode 100644 persistent_core_v2_trial/results/science/receipts/501021_ERROR_lifetime.json.gz
 create mode 100644 persistent_core_v2_trial/results/science/receipts/501021_ERROR_reuse.json.gz
 create mode 100644 persistent_core_v2_trial/results/science/receipts/501021_REPLACE_lifetime.json.gz
 create mode 100644 persistent_core_v2_trial/results/science/receipts/501021_REPLACE_reuse.json.gz
 create mode 100644 persistent_core_v2_trial/results/science/receipts/501021_V1_lifetime.json.gz
 create mode 100644 persistent_core_v2_trial/results/science/receipts/501021_V1_reuse.json.gz
 create mode 100644 persistent_core_v2_trial/results/science/receipts/501022_BOTH_lifetime.json.gz
 create mode 100644 persistent_core_v2_trial/results/science/receipts/501022_BOTH_reuse.json.gz
 create mode 100644 persistent_core_v2_trial/results/science/receipts/501022_ERROR_lifetime.json.gz
 create mode 100644 persistent_core_v2_trial/results/science/receipts/501022_ERROR_reuse.json.gz
 create mode 100644 persistent_core_v2_trial/results/science/receipts/501022_REPLACE_lifetime.json.gz
 create mode 100644 persistent_core_v2_trial/results/science/receipts/501022_REPLACE_reuse.json.gz
 create mode 100644 persistent_core_v2_trial/results/science/receipts/501022_V1_lifetime.json.gz
 create mode 100644 persistent_core_v2_trial/results/science/receipts/501022_V1_reuse.json.gz
 create mode 100644 persistent_core_v2_trial/results/science/receipts/501023_BOTH_lifetime.json.gz
 create mode 100644 persistent_core_v2_trial/results/science/receipts/501023_BOTH_reuse.json.gz
 create mode 100644 persistent_core_v2_trial/results/science/receipts/501023_ERROR_lifetime.json.gz
 create mode 100644 persistent_core_v2_trial/results/science/receipts/501023_ERROR_reuse.json.gz
 create mode 100644 persistent_core_v2_trial/results/science/receipts/501023_REPLACE_lifetime.json.gz
 create mode 100644 persistent_core_v2_trial/results/science/receipts/501023_REPLACE_reuse.json.gz
 create mode 100644 persistent_core_v2_trial/results/science/receipts/501023_V1_lifetime.json.gz
 create mode 100644 persistent_core_v2_trial/results/science/receipts/501023_V1_reuse.json.gz
 create mode 100644 persistent_core_v2_trial/results/science/receipts/501024_BOTH_lifetime.json.gz
 create mode 100644 persistent_core_v2_trial/results/science/receipts/501024_BOTH_reuse.json.gz
 create mode 100644 persistent_core_v2_trial/results/science/receipts/501024_ERROR_lifetime.json.gz
 create mode 100644 persistent_core_v2_trial/results/science/receipts/501024_ERROR_reuse.json.gz
 create mode 100644 persistent_core_v2_trial/results/science/receipts/501024_REPLACE_lifetime.json.gz
 create mode 100644 persistent_core_v2_trial/results/science/receipts/501024_REPLACE_reuse.json.gz
 create mode 100644 persistent_core_v2_trial/results/science/receipts/501024_V1_lifetime.json.gz
 create mode 100644 persistent_core_v2_trial/results/science/receipts/501024_V1_reuse.json.gz
 create mode 100644 persistent_core_v2_trial/results/science/receipts/501025_BOTH_lifetime.json.gz
 create mode 100644 persistent_core_v2_trial/results/science/receipts/501025_BOTH_reuse.json.gz
 create mode 100644 persistent_core_v2_trial/results/science/receipts/501025_ERROR_lifetime.json.gz
 create mode 100644 persistent_core_v2_trial/results/science/receipts/501025_ERROR_reuse.json.gz
 create mode 100644 persistent_core_v2_trial/results/science/receipts/501025_REPLACE_lifetime.json.gz
 create mode 100644 persistent_core_v2_trial/results/science/receipts/501025_REPLACE_reuse.json.gz
 create mode 100644 persistent_core_v2_trial/results/science/receipts/501025_V1_lifetime.json.gz
 create mode 100644 persistent_core_v2_trial/results/science/receipts/501025_V1_reuse.json.gz
 create mode 100644 persistent_core_v2_trial/results/science/receipts/501026_BOTH_lifetime.json.gz
 create mode 100644 persistent_core_v2_trial/results/science/receipts/501026_BOTH_reuse.json.gz
 create mode 100644 persistent_core_v2_trial/results/science/receipts/501026_ERROR_lifetime.json.gz
 create mode 100644 persistent_core_v2_trial/results/science/receipts/501026_ERROR_reuse.json.gz
 create mode 100644 persistent_core_v2_trial/results/science/receipts/501026_REPLACE_lifetime.json.gz
 create mode 100644 persistent_core_v2_trial/results/science/receipts/501026_REPLACE_reuse.json.gz
 create mode 100644 persistent_core_v2_trial/results/science/receipts/501026_V1_lifetime.json.gz
 create mode 100644 persistent_core_v2_trial/results/science/receipts/501026_V1_reuse.json.gz
 create mode 100644 persistent_core_v2_trial/results/science/receipts/501027_BOTH_lifetime.json.gz
 create mode 100644 persistent_core_v2_trial/results/science/receipts/501027_BOTH_reuse.json.gz
 create mode 100644 persistent_core_v2_trial/results/science/receipts/501027_ERROR_lifetime.json.gz
 create mode 100644 persistent_core_v2_trial/results/science/receipts/501027_ERROR_reuse.json.gz
 create mode 100644 persistent_core_v2_trial/results/science/receipts/501027_REPLACE_lifetime.json.gz
 create mode 100644 persistent_core_v2_trial/results/science/receipts/501027_REPLACE_reuse.json.gz
 create mode 100644 persistent_core_v2_trial/results/science/receipts/501027_V1_lifetime.json.gz
 create mode 100644 persistent_core_v2_trial/results/science/receipts/501027_V1_reuse.json.gz
 create mode 100644 persistent_core_v2_trial/results/science/receipts/501028_BOTH_lifetime.json.gz
 create mode 100644 persistent_core_v2_trial/results/science/receipts/501028_BOTH_reuse.json.gz
 create mode 100644 persistent_core_v2_trial/results/science/receipts/501028_ERROR_lifetime.json.gz
 create mode 100644 persistent_core_v2_trial/results/science/receipts/501028_ERROR_reuse.json.gz
 create mode 100644 persistent_core_v2_trial/results/science/receipts/501028_REPLACE_lifetime.json.gz
 create mode 100644 persistent_core_v2_trial/results/science/receipts/501028_REPLACE_reuse.json.gz
 create mode 100644 persistent_core_v2_trial/results/science/receipts/501028_V1_lifetime.json.gz
 create mode 100644 persistent_core_v2_trial/results/science/receipts/501028_V1_reuse.json.gz
 create mode 100644 persistent_core_v2_trial/results/science/receipts/501029_BOTH_lifetime.json.gz
 create mode 100644 persistent_core_v2_trial/results/science/receipts/501029_BOTH_reuse.json.gz
 create mode 100644 persistent_core_v2_trial/results/science/receipts/501029_ERROR_lifetime.json.gz
 create mode 100644 persistent_core_v2_trial/results/science/receipts/501029_ERROR_reuse.json.gz
 create mode 100644 persistent_core_v2_trial/results/science/receipts/501029_REPLACE_lifetime.json.gz
 create mode 100644 persistent_core_v2_trial/results/science/receipts/501029_REPLACE_reuse.json.gz
 create mode 100644 persistent_core_v2_trial/results/science/receipts/501029_V1_lifetime.json.gz
 create mode 100644 persistent_core_v2_trial/results/science/receipts/501029_V1_reuse.json.gz
 create mode 100644 persistent_core_v2_trial/results/science/receipts/501030_BOTH_lifetime.json.gz
 create mode 100644 persistent_core_v2_trial/results/science/receipts/501030_BOTH_reuse.json.gz
 create mode 100644 persistent_core_v2_trial/results/science/receipts/501030_ERROR_lifetime.json.gz
 create mode 100644 persistent_core_v2_trial/results/science/receipts/501030_ERROR_reuse.json.gz
 create mode 100644 persistent_core_v2_trial/results/science/receipts/501030_REPLACE_lifetime.json.gz
 create mode 100644 persistent_core_v2_trial/results/science/receipts/501030_REPLACE_reuse.json.gz
 create mode 100644 persistent_core_v2_trial/results/science/receipts/501030_V1_lifetime.json.gz
 create mode 100644 persistent_core_v2_trial/results/science/receipts/501030_V1_reuse.json.gz
 create mode 100644 persistent_core_v2_trial/results/science/receipts/501031_BOTH_lifetime.json.gz
 create mode 100644 persistent_core_v2_trial/results/science/receipts/501031_BOTH_reuse.json.gz
 create mode 100644 persistent_core_v2_trial/results/science/receipts/501031_ERROR_lifetime.json.gz
 create mode 100644 persistent_core_v2_trial/results/science/receipts/501031_ERROR_reuse.json.gz
 create mode 100644 persistent_core_v2_trial/results/science/receipts/501031_REPLACE_lifetime.json.gz
 create mode 100644 persistent_core_v2_trial/results/science/receipts/501031_REPLACE_reuse.json.gz
 create mode 100644 persistent_core_v2_trial/results/science/receipts/501031_V1_lifetime.json.gz
 create mode 100644 persistent_core_v2_trial/results/science/receipts/501031_V1_reuse.json.gz
 create mode 100644 persistent_core_v2_trial/results/science/receipts/501032_BOTH_lifetime.json.gz
 create mode 100644 persistent_core_v2_trial/results/science/receipts/501032_BOTH_reuse.json.gz
 create mode 100644 persistent_core_v2_trial/results/science/receipts/501032_ERROR_lifetime.json.gz
 create mode 100644 persistent_core_v2_trial/results/science/receipts/501032_ERROR_reuse.json.gz
 create mode 100644 persistent_core_v2_trial/results/science/receipts/501032_REPLACE_lifetime.json.gz
 create mode 100644 persistent_core_v2_trial/results/science/receipts/501032_REPLACE_reuse.json.gz
 create mode 100644 persistent_core_v2_trial/results/science/receipts/501032_V1_lifetime.json.gz
 create mode 100644 persistent_core_v2_trial/results/science/receipts/501032_V1_reuse.json.gz
 create mode 100644 persistent_core_v2_trial/results/science/receipts/501033_BOTH_lifetime.json.gz
 create mode 100644 persistent_core_v2_trial/results/science/receipts/501033_BOTH_reuse.json.gz
 create mode 100644 persistent_core_v2_trial/results/science/receipts/501033_ERROR_lifetime.json.gz
 create mode 100644 persistent_core_v2_trial/results/science/receipts/501033_ERROR_reuse.json.gz
 create mode 100644 persistent_core_v2_trial/results/science/receipts/501033_REPLACE_lifetime.json.gz
 create mode 100644 persistent_core_v2_trial/results/science/receipts/501033_REPLACE_reuse.json.gz
 create mode 100644 persistent_core_v2_trial/results/science/receipts/501033_V1_lifetime.json.gz
 create mode 100644 persistent_core_v2_trial/results/science/receipts/501033_V1_reuse.json.gz
 create mode 100644 persistent_core_v2_trial/results/science/receipts/501034_BOTH_lifetime.json.gz
 create mode 100644 persistent_core_v2_trial/results/science/receipts/501034_BOTH_reuse.json.gz
 create mode 100644 persistent_core_v2_trial/results/science/receipts/501034_ERROR_lifetime.json.gz
 create mode 100644 persistent_core_v2_trial/results/science/receipts/501034_ERROR_reuse.json.gz
 create mode 100644 persistent_core_v2_trial/results/science/receipts/501034_REPLACE_lifetime.json.gz
 create mode 100644 persistent_core_v2_trial/results/science/receipts/501034_REPLACE_reuse.json.gz
 create mode 100644 persistent_core_v2_trial/results/science/receipts/501034_V1_lifetime.json.gz
 create mode 100644 persistent_core_v2_trial/results/science/receipts/501034_V1_reuse.json.gz
 create mode 100644 persistent_core_v2_trial/results/science/receipts/501035_BOTH_lifetime.json.gz
 create mode 100644 persistent_core_v2_trial/results/science/receipts/501035_BOTH_reuse.json.gz
 create mode 100644 persistent_core_v2_trial/results/science/receipts/501035_ERROR_lifetime.json.gz
 create mode 100644 persistent_core_v2_trial/results/science/receipts/501035_ERROR_reuse.json.gz
 create mode 100644 persistent_core_v2_trial/results/science/receipts/501035_REPLACE_lifetime.json.gz
 create mode 100644 persistent_core_v2_trial/results/science/receipts/501035_REPLACE_reuse.json.gz
 create mode 100644 persistent_core_v2_trial/results/science/receipts/501035_V1_lifetime.json.gz
 create mode 100644 persistent_core_v2_trial/results/science/receipts/501035_V1_reuse.json.gz
 create mode 100644 persistent_core_v2_trial/results/science/receipts/501036_BOTH_lifetime.json.gz
 create mode 100644 persistent_core_v2_trial/results/science/receipts/501036_BOTH_reuse.json.gz
 create mode 100644 persistent_core_v2_trial/results/science/receipts/501036_ERROR_lifetime.json.gz
 create mode 100644 persistent_core_v2_trial/results/science/receipts/501036_ERROR_reuse.json.gz
 create mode 100644 persistent_core_v2_trial/results/science/receipts/501036_REPLACE_lifetime.json.gz
 create mode 100644 persistent_core_v2_trial/results/science/receipts/501036_REPLACE_reuse.json.gz
 create mode 100644 persistent_core_v2_trial/results/science/receipts/501036_V1_lifetime.json.gz
 create mode 100644 persistent_core_v2_trial/results/science/receipts/501036_V1_reuse.json.gz
 create mode 100644 persistent_core_v2_trial/results/science/receipts/501037_BOTH_lifetime.json.gz
 create mode 100644 persistent_core_v2_trial/results/science/receipts/501037_BOTH_reuse.json.gz
 create mode 100644 persistent_core_v2_trial/results/science/receipts/501037_ERROR_lifetime.json.gz
 create mode 100644 persistent_core_v2_trial/results/science/receipts/501037_ERROR_reuse.json.gz
 create mode 100644 persistent_core_v2_trial/results/science/receipts/501037_REPLACE_lifetime.json.gz
 create mode 100644 persistent_core_v2_trial/results/science/receipts/501037_REPLACE_reuse.json.gz
 create mode 100644 persistent_core_v2_trial/results/science/receipts/501037_V1_lifetime.json.gz
 create mode 100644 persistent_core_v2_trial/results/science/receipts/501037_V1_reuse.json.gz
 create mode 100644 persistent_core_v2_trial/results/science/receipts/501038_BOTH_lifetime.json.gz
 create mode 100644 persistent_core_v2_trial/results/science/receipts/501038_BOTH_reuse.json.gz
 create mode 100644 persistent_core_v2_trial/results/science/receipts/501038_ERROR_lifetime.json.gz
 create mode 100644 persistent_core_v2_trial/results/science/receipts/501038_ERROR_reuse.json.gz
 create mode 100644 persistent_core_v2_trial/results/science/receipts/501038_REPLACE_lifetime.json.gz
 create mode 100644 persistent_core_v2_trial/results/science/receipts/501038_REPLACE_reuse.json.gz
 create mode 100644 persistent_core_v2_trial/results/science/receipts/501038_V1_lifetime.json.gz
 create mode 100644 persistent_core_v2_trial/results/science/receipts/501038_V1_reuse.json.gz
 create mode 100644 persistent_core_v2_trial/results/science/receipts/501039_BOTH_lifetime.json.gz
 create mode 100644 persistent_core_v2_trial/results/science/receipts/501039_BOTH_reuse.json.gz
 create mode 100644 persistent_core_v2_trial/results/science/receipts/501039_ERROR_lifetime.json.gz
 create mode 100644 persistent_core_v2_trial/results/science/receipts/501039_ERROR_reuse.json.gz
 create mode 100644 persistent_core_v2_trial/results/science/receipts/501039_REPLACE_lifetime.json.gz
 create mode 100644 persistent_core_v2_trial/results/science/receipts/501039_REPLACE_reuse.json.gz
 create mode 100644 persistent_core_v2_trial/results/science/receipts/501039_V1_lifetime.json.gz
 create mode 100644 persistent_core_v2_trial/results/science/receipts/501039_V1_reuse.json.gz
 create mode 100644 persistent_core_v2_trial/results/science/receipts/501040_BOTH_lifetime.json.gz
 create mode 100644 persistent_core_v2_trial/results/science/receipts/501040_BOTH_reuse.json.gz
 create mode 100644 persistent_core_v2_trial/results/science/receipts/501040_ERROR_lifetime.json.gz
 create mode 100644 persistent_core_v2_trial/results/science/receipts/501040_ERROR_reuse.json.gz
 create mode 100644 persistent_core_v2_trial/results/science/receipts/501040_REPLACE_lifetime.json.gz
 create mode 100644 persistent_core_v2_trial/results/science/receipts/501040_REPLACE_reuse.json.gz
 create mode 100644 persistent_core_v2_trial/results/science/receipts/501040_V1_lifetime.json.gz
 create mode 100644 persistent_core_v2_trial/results/science/receipts/501040_V1_reuse.json.gz
 create mode 100644 persistent_core_v2_trial/results/science/receipts/501041_BOTH_lifetime.json.gz
 create mode 100644 persistent_core_v2_trial/results/science/receipts/501041_BOTH_reuse.json.gz
 create mode 100644 persistent_core_v2_trial/results/science/receipts/501041_ERROR_lifetime.json.gz
 create mode 100644 persistent_core_v2_trial/results/science/receipts/501041_ERROR_reuse.json.gz
 create mode 100644 persistent_core_v2_trial/results/science/receipts/501041_REPLACE_lifetime.json.gz
 create mode 100644 persistent_core_v2_trial/results/science/receipts/501041_REPLACE_reuse.json.gz
 create mode 100644 persistent_core_v2_trial/results/science/receipts/501041_V1_lifetime.json.gz
 create mode 100644 persistent_core_v2_trial/results/science/receipts/501041_V1_reuse.json.gz
 create mode 100644 persistent_core_v2_trial/results/science/receipts/501042_BOTH_lifetime.json.gz
 create mode 100644 persistent_core_v2_trial/results/science/receipts/501042_BOTH_reuse.json.gz
 create mode 100644 persistent_core_v2_trial/results/science/receipts/501042_ERROR_lifetime.json.gz
 create mode 100644 persistent_core_v2_trial/results/science/receipts/501042_ERROR_reuse.json.gz
 create mode 100644 persistent_core_v2_trial/results/science/receipts/501042_REPLACE_lifetime.json.gz
 create mode 100644 persistent_core_v2_trial/results/science/receipts/501042_REPLACE_reuse.json.gz
 create mode 100644 persistent_core_v2_trial/results/science/receipts/501042_V1_lifetime.json.gz
 create mode 100644 persistent_core_v2_trial/results/science/receipts/501042_V1_reuse.json.gz
 create mode 100644 persistent_core_v2_trial/results/science/receipts/501043_BOTH_lifetime.json.gz
 create mode 100644 persistent_core_v2_trial/results/science/receipts/501043_BOTH_reuse.json.gz
 create mode 100644 persistent_core_v2_trial/results/science/receipts/501043_ERROR_lifetime.json.gz
 create mode 100644 persistent_core_v2_trial/results/science/receipts/501043_ERROR_reuse.json.gz
 create mode 100644 persistent_core_v2_trial/results/science/receipts/501043_REPLACE_lifetime.json.gz
 create mode 100644 persistent_core_v2_trial/results/science/receipts/501043_REPLACE_reuse.json.gz
 create mode 100644 persistent_core_v2_trial/results/science/receipts/501043_V1_lifetime.json.gz
 create mode 100644 persistent_core_v2_trial/results/science/receipts/501043_V1_reuse.json.gz
 create mode 100644 persistent_core_v2_trial/results/science/receipts/501044_BOTH_lifetime.json.gz
 create mode 100644 persistent_core_v2_trial/results/science/receipts/501044_BOTH_reuse.json.gz
 create mode 100644 persistent_core_v2_trial/results/science/receipts/501044_ERROR_lifetime.json.gz
 create mode 100644 persistent_core_v2_trial/results/science/receipts/501044_ERROR_reuse.json.gz
 create mode 100644 persistent_core_v2_trial/results/science/receipts/501044_REPLACE_lifetime.json.gz
 create mode 100644 persistent_core_v2_trial/results/science/receipts/501044_REPLACE_reuse.json.gz
 create mode 100644 persistent_core_v2_trial/results/science/receipts/501044_V1_lifetime.json.gz
 create mode 100644 persistent_core_v2_trial/results/science/receipts/501044_V1_reuse.json.gz
 create mode 100644 persistent_core_v2_trial/results/science/receipts/501045_BOTH_lifetime.json.gz
 create mode 100644 persistent_core_v2_trial/results/science/receipts/501045_BOTH_reuse.json.gz
 create mode 100644 persistent_core_v2_trial/results/science/receipts/501045_ERROR_lifetime.json.gz
 create mode 100644 persistent_core_v2_trial/results/science/receipts/501045_ERROR_reuse.json.gz
 create mode 100644 persistent_core_v2_trial/results/science/receipts/501045_REPLACE_lifetime.json.gz
 create mode 100644 persistent_core_v2_trial/results/science/receipts/501045_REPLACE_reuse.json.gz
 create mode 100644 persistent_core_v2_trial/results/science/receipts/501045_V1_lifetime.json.gz
 create mode 100644 persistent_core_v2_trial/results/science/receipts/501045_V1_reuse.json.gz
 create mode 100644 persistent_core_v2_trial/results/science/receipts/501046_BOTH_lifetime.json.gz
 create mode 100644 persistent_core_v2_trial/results/science/receipts/501046_BOTH_reuse.json.gz
 create mode 100644 persistent_core_v2_trial/results/science/receipts/501046_ERROR_lifetime.json.gz
 create mode 100644 persistent_core_v2_trial/results/science/receipts/501046_ERROR_reuse.json.gz
 create mode 100644 persistent_core_v2_trial/results/science/receipts/501046_REPLACE_lifetime.json.gz
 create mode 100644 persistent_core_v2_trial/results/science/receipts/501046_REPLACE_reuse.json.gz
 create mode 100644 persistent_core_v2_trial/results/science/receipts/501046_V1_lifetime.json.gz
 create mode 100644 persistent_core_v2_trial/results/science/receipts/501046_V1_reuse.json.gz
 create mode 100644 persistent_core_v2_trial/results/science/receipts/501047_BOTH_lifetime.json.gz
 create mode 100644 persistent_core_v2_trial/results/science/receipts/501047_BOTH_reuse.json.gz
 create mode 100644 persistent_core_v2_trial/results/science/receipts/501047_ERROR_lifetime.json.gz
 create mode 100644 persistent_core_v2_trial/results/science/receipts/501047_ERROR_reuse.json.gz
 create mode 100644 persistent_core_v2_trial/results/science/receipts/501047_REPLACE_lifetime.json.gz
 create mode 100644 persistent_core_v2_trial/results/science/receipts/501047_REPLACE_reuse.json.gz
 create mode 100644 persistent_core_v2_trial/results/science/receipts/501047_V1_lifetime.json.gz
 create mode 100644 persistent_core_v2_trial/results/science/receipts/501047_V1_reuse.json.gz
 create mode 100644 persistent_core_v2_trial/results/science/receipts/501048_BOTH_lifetime.json.gz
 create mode 100644 persistent_core_v2_trial/results/science/receipts/501048_BOTH_reuse.json.gz
 create mode 100644 persistent_core_v2_trial/results/science/receipts/501048_ERROR_lifetime.json.gz
 create mode 100644 persistent_core_v2_trial/results/science/receipts/501048_ERROR_reuse.json.gz
 create mode 100644 persistent_core_v2_trial/results/science/receipts/501048_REPLACE_lifetime.json.gz
 create mode 100644 persistent_core_v2_trial/results/science/receipts/501048_REPLACE_reuse.json.gz
 create mode 100644 persistent_core_v2_trial/results/science/receipts/501048_V1_lifetime.json.gz
 create mode 100644 persistent_core_v2_trial/results/science/receipts/501048_V1_reuse.json.gz
 create mode 100644 persistent_core_v2_trial/results/science/receipts/501049_BOTH_lifetime.json.gz
 create mode 100644 persistent_core_v2_trial/results/science/receipts/501049_BOTH_reuse.json.gz
 create mode 100644 persistent_core_v2_trial/results/science/receipts/501049_ERROR_lifetime.json.gz
 create mode 100644 persistent_core_v2_trial/results/science/receipts/501049_ERROR_reuse.json.gz
 create mode 100644 persistent_core_v2_trial/results/science/receipts/501049_REPLACE_lifetime.json.gz
 create mode 100644 persistent_core_v2_trial/results/science/receipts/501049_REPLACE_reuse.json.gz
 create mode 100644 persistent_core_v2_trial/results/science/receipts/501049_V1_lifetime.json.gz
 create mode 100644 persistent_core_v2_trial/results/science/receipts/501049_V1_reuse.json.gz
 create mode 100644 persistent_core_v2_trial/results/science/receipts/501050_BOTH_lifetime.json.gz
 create mode 100644 persistent_core_v2_trial/results/science/receipts/501050_BOTH_reuse.json.gz
 create mode 100644 persistent_core_v2_trial/results/science/receipts/501050_ERROR_lifetime.json.gz
 create mode 100644 persistent_core_v2_trial/results/science/receipts/501050_ERROR_reuse.json.gz
 create mode 100644 persistent_core_v2_trial/results/science/receipts/501050_REPLACE_lifetime.json.gz
 create mode 100644 persistent_core_v2_trial/results/science/receipts/501050_REPLACE_reuse.json.gz
 create mode 100644 persistent_core_v2_trial/results/science/receipts/501050_V1_lifetime.json.gz
 create mode 100644 persistent_core_v2_trial/results/science/receipts/501050_V1_reuse.json.gz
 create mode 100644 persistent_core_v2_trial/results/science/receipts/501051_BOTH_lifetime.json.gz
 create mode 100644 persistent_core_v2_trial/results/science/receipts/501051_BOTH_reuse.json.gz
 create mode 100644 persistent_core_v2_trial/results/science/receipts/501051_ERROR_lifetime.json.gz
 create mode 100644 persistent_core_v2_trial/results/science/receipts/501051_ERROR_reuse.json.gz
 create mode 100644 persistent_core_v2_trial/results/science/receipts/501051_REPLACE_lifetime.json.gz
 create mode 100644 persistent_core_v2_trial/results/science/receipts/501051_REPLACE_reuse.json.gz
 create mode 100644 persistent_core_v2_trial/results/science/receipts/501051_V1_lifetime.json.gz
 create mode 100644 persistent_core_v2_trial/results/science/receipts/501051_V1_reuse.json.gz
 create mode 100644 persistent_core_v2_trial/results/science/receipts/501052_BOTH_lifetime.json.gz
 create mode 100644 persistent_core_v2_trial/results/science/receipts/501052_BOTH_reuse.json.gz
 create mode 100644 persistent_core_v2_trial/results/science/receipts/501052_ERROR_lifetime.json.gz
 create mode 100644 persistent_core_v2_trial/results/science/receipts/501052_ERROR_reuse.json.gz
 create mode 100644 persistent_core_v2_trial/results/science/receipts/501052_REPLACE_lifetime.json.gz
 create mode 100644 persistent_core_v2_trial/results/science/receipts/501052_REPLACE_reuse.json.gz
 create mode 100644 persistent_core_v2_trial/results/science/receipts/501052_V1_lifetime.json.gz
 create mode 100644 persistent_core_v2_trial/results/science/receipts/501052_V1_reuse.json.gz
 create mode 100644 persistent_core_v2_trial/results/science/receipts/501053_BOTH_lifetime.json.gz
 create mode 100644 persistent_core_v2_trial/results/science/receipts/501053_BOTH_reuse.json.gz
 create mode 100644 persistent_core_v2_trial/results/science/receipts/501053_ERROR_lifetime.json.gz
 create mode 100644 persistent_core_v2_trial/results/science/receipts/501053_ERROR_reuse.json.gz
 create mode 100644 persistent_core_v2_trial/results/science/receipts/501053_REPLACE_lifetime.json.gz
 create mode 100644 persistent_core_v2_trial/results/science/receipts/501053_REPLACE_reuse.json.gz
 create mode 100644 persistent_core_v2_trial/results/science/receipts/501053_V1_lifetime.json.gz
 create mode 100644 persistent_core_v2_trial/results/science/receipts/501053_V1_reuse.json.gz
 create mode 100644 persistent_core_v2_trial/results/science/receipts/501054_BOTH_lifetime.json.gz
 create mode 100644 persistent_core_v2_trial/results/science/receipts/501054_BOTH_reuse.json.gz
 create mode 100644 persistent_core_v2_trial/results/science/receipts/501054_ERROR_lifetime.json.gz
 create mode 100644 persistent_core_v2_trial/results/science/receipts/501054_ERROR_reuse.json.gz
 create mode 100644 persistent_core_v2_trial/results/science/receipts/501054_REPLACE_lifetime.json.gz
 create mode 100644 persistent_core_v2_trial/results/science/receipts/501054_REPLACE_reuse.json.gz
 create mode 100644 persistent_core_v2_trial/results/science/receipts/501054_V1_lifetime.json.gz
 create mode 100644 persistent_core_v2_trial/results/science/receipts/501054_V1_reuse.json.gz
 create mode 100644 persistent_core_v2_trial/results/science/receipts/501055_BOTH_lifetime.json.gz
 create mode 100644 persistent_core_v2_trial/results/science/receipts/501055_BOTH_reuse.json.gz
 create mode 100644 persistent_core_v2_trial/results/science/receipts/501055_ERROR_lifetime.json.gz
 create mode 100644 persistent_core_v2_trial/results/science/receipts/501055_ERROR_reuse.json.gz
 create mode 100644 persistent_core_v2_trial/results/science/receipts/501055_REPLACE_lifetime.json.gz
 create mode 100644 persistent_core_v2_trial/results/science/receipts/501055_REPLACE_reuse.json.gz
 create mode 100644 persistent_core_v2_trial/results/science/receipts/501055_V1_lifetime.json.gz
 create mode 100644 persistent_core_v2_trial/results/science/receipts/501055_V1_reuse.json.gz
 create mode 100644 persistent_core_v2_trial/results/science/receipts/501056_BOTH_lifetime.json.gz
 create mode 100644 persistent_core_v2_trial/results/science/receipts/501056_BOTH_reuse.json.gz
 create mode 100644 persistent_core_v2_trial/results/science/receipts/501056_ERROR_lifetime.json.gz
 create mode 100644 persistent_core_v2_trial/results/science/receipts/501056_ERROR_reuse.json.gz
 create mode 100644 persistent_core_v2_trial/results/science/receipts/501056_REPLACE_lifetime.json.gz
 create mode 100644 persistent_core_v2_trial/results/science/receipts/501056_REPLACE_reuse.json.gz
 create mode 100644 persistent_core_v2_trial/results/science/receipts/501056_V1_lifetime.json.gz
 create mode 100644 persistent_core_v2_trial/results/science/receipts/501056_V1_reuse.json.gz
 create mode 100644 persistent_core_v2_trial/results/science/receipts/501057_BOTH_lifetime.json.gz
 create mode 100644 persistent_core_v2_trial/results/science/receipts/501057_BOTH_reuse.json.gz
 create mode 100644 persistent_core_v2_trial/results/science/receipts/501057_ERROR_lifetime.json.gz
 create mode 100644 persistent_core_v2_trial/results/science/receipts/501057_ERROR_reuse.json.gz
 create mode 100644 persistent_core_v2_trial/results/science/receipts/501057_REPLACE_lifetime.json.gz
 create mode 100644 persistent_core_v2_trial/results/science/receipts/501057_REPLACE_reuse.json.gz
 create mode 100644 persistent_core_v2_trial/results/science/receipts/501057_V1_lifetime.json.gz
 create mode 100644 persistent_core_v2_trial/results/science/receipts/501057_V1_reuse.json.gz
 create mode 100644 persistent_core_v2_trial/results/science/receipts/501058_BOTH_lifetime.json.gz
 create mode 100644 persistent_core_v2_trial/results/science/receipts/501058_BOTH_reuse.json.gz
 create mode 100644 persistent_core_v2_trial/results/science/receipts/501058_ERROR_lifetime.json.gz
 create mode 100644 persistent_core_v2_trial/results/science/receipts/501058_ERROR_reuse.json.gz
 create mode 100644 persistent_core_v2_trial/results/science/receipts/501058_REPLACE_lifetime.json.gz
 create mode 100644 persistent_core_v2_trial/results/science/receipts/501058_REPLACE_reuse.json.gz
 create mode 100644 persistent_core_v2_trial/results/science/receipts/501058_V1_lifetime.json.gz
 create mode 100644 persistent_core_v2_trial/results/science/receipts/501058_V1_reuse.json.gz
 create mode 100644 persistent_core_v2_trial/results/science/receipts/501059_BOTH_lifetime.json.gz
 create mode 100644 persistent_core_v2_trial/results/science/receipts/501059_BOTH_reuse.json.gz
 create mode 100644 persistent_core_v2_trial/results/science/receipts/501059_ERROR_lifetime.json.gz
 create mode 100644 persistent_core_v2_trial/results/science/receipts/501059_ERROR_reuse.json.gz
 create mode 100644 persistent_core_v2_trial/results/science/receipts/501059_REPLACE_lifetime.json.gz
 create mode 100644 persistent_core_v2_trial/results/science/receipts/501059_REPLACE_reuse.json.gz
 create mode 100644 persistent_core_v2_trial/results/science/receipts/501059_V1_lifetime.json.gz
 create mode 100644 persistent_core_v2_trial/results/science/receipts/501059_V1_reuse.json.gz
 create mode 100644 persistent_core_v2_trial/results/science/receipts/501060_BOTH_lifetime.json.gz
 create mode 100644 persistent_core_v2_trial/results/science/receipts/501060_BOTH_reuse.json.gz
 create mode 100644 persistent_core_v2_trial/results/science/receipts/501060_ERROR_lifetime.json.gz
 create mode 100644 persistent_core_v2_trial/results/science/receipts/501060_ERROR_reuse.json.gz
 create mode 100644 persistent_core_v2_trial/results/science/receipts/501060_REPLACE_lifetime.json.gz
 create mode 100644 persistent_core_v2_trial/results/science/receipts/501060_REPLACE_reuse.json.gz
 create mode 100644 persistent_core_v2_trial/results/science/receipts/501060_V1_lifetime.json.gz
 create mode 100644 persistent_core_v2_trial/results/science/receipts/501060_V1_reuse.json.gz
 create mode 100644 persistent_core_v2_trial/results/science/receipts/501061_BOTH_lifetime.json.gz
 create mode 100644 persistent_core_v2_trial/results/science/receipts/501061_BOTH_reuse.json.gz
 create mode 100644 persistent_core_v2_trial/results/science/receipts/501061_ERROR_lifetime.json.gz
 create mode 100644 persistent_core_v2_trial/results/science/receipts/501061_ERROR_reuse.json.gz
 create mode 100644 persistent_core_v2_trial/results/science/receipts/501061_REPLACE_lifetime.json.gz
 create mode 100644 persistent_core_v2_trial/results/science/receipts/501061_REPLACE_reuse.json.gz
 create mode 100644 persistent_core_v2_trial/results/science/receipts/501061_V1_lifetime.json.gz
 create mode 100644 persistent_core_v2_trial/results/science/receipts/501061_V1_reuse.json.gz
 create mode 100644 persistent_core_v2_trial/results/science/receipts/501062_BOTH_lifetime.json.gz
 create mode 100644 persistent_core_v2_trial/results/science/receipts/501062_BOTH_reuse.json.gz
 create mode 100644 persistent_core_v2_trial/results/science/receipts/501062_ERROR_lifetime.json.gz
 create mode 100644 persistent_core_v2_trial/results/science/receipts/501062_ERROR_reuse.json.gz
 create mode 100644 persistent_core_v2_trial/results/science/receipts/501062_REPLACE_lifetime.json.gz
 create mode 100644 persistent_core_v2_trial/results/science/receipts/501062_REPLACE_reuse.json.gz
 create mode 100644 persistent_core_v2_trial/results/science/receipts/501062_V1_lifetime.json.gz
 create mode 100644 persistent_core_v2_trial/results/science/receipts/501062_V1_reuse.json.gz
 create mode 100644 persistent_core_v2_trial/results/science/receipts/501063_BOTH_lifetime.json.gz
 create mode 100644 persistent_core_v2_trial/results/science/receipts/501063_BOTH_reuse.json.gz
 create mode 100644 persistent_core_v2_trial/results/science/receipts/501063_ERROR_lifetime.json.gz
 create mode 100644 persistent_core_v2_trial/results/science/receipts/501063_ERROR_reuse.json.gz
 create mode 100644 persistent_core_v2_trial/results/science/receipts/501063_REPLACE_lifetime.json.gz
 create mode 100644 persistent_core_v2_trial/results/science/receipts/501063_REPLACE_reuse.json.gz
 create mode 100644 persistent_core_v2_trial/results/science/receipts/501063_V1_lifetime.json.gz
 create mode 100644 persistent_core_v2_trial/results/science/receipts/501063_V1_reuse.json.gz
 create mode 100644 persistent_core_v2_trial/results/science/receipts/501064_BOTH_lifetime.json.gz
 create mode 100644 persistent_core_v2_trial/results/science/receipts/501064_BOTH_reuse.json.gz
 create mode 100644 persistent_core_v2_trial/results/science/receipts/501064_ERROR_lifetime.json.gz
 create mode 100644 persistent_core_v2_trial/results/science/receipts/501064_ERROR_reuse.json.gz
 create mode 100644 persistent_core_v2_trial/results/science/receipts/501064_REPLACE_lifetime.json.gz
 create mode 100644 persistent_core_v2_trial/results/science/receipts/501064_REPLACE_reuse.json.gz
 create mode 100644 persistent_core_v2_trial/results/science/receipts/501064_V1_lifetime.json.gz
 create mode 100644 persistent_core_v2_trial/results/science/receipts/501064_V1_reuse.json.gz
 create mode 100644 persistent_core_v2_trial/results/science/receipts/501065_BOTH_lifetime.json.gz
 create mode 100644 persistent_core_v2_trial/results/science/receipts/501065_BOTH_reuse.json.gz
 create mode 100644 persistent_core_v2_trial/results/science/receipts/501065_ERROR_lifetime.json.gz
 create mode 100644 persistent_core_v2_trial/results/science/receipts/501065_ERROR_reuse.json.gz
 create mode 100644 persistent_core_v2_trial/results/science/receipts/501065_REPLACE_lifetime.json.gz
 create mode 100644 persistent_core_v2_trial/results/science/receipts/501065_REPLACE_reuse.json.gz
 create mode 100644 persistent_core_v2_trial/results/science/receipts/501065_V1_lifetime.json.gz
 create mode 100644 persistent_core_v2_trial/results/science/receipts/501065_V1_reuse.json.gz
 create mode 100644 persistent_core_v2_trial/results/science/receipts/501066_BOTH_lifetime.json.gz
 create mode 100644 persistent_core_v2_trial/results/science/receipts/501066_BOTH_reuse.json.gz
 create mode 100644 persistent_core_v2_trial/results/science/receipts/501066_ERROR_lifetime.json.gz
 create mode 100644 persistent_core_v2_trial/results/science/receipts/501066_ERROR_reuse.json.gz
 create mode 100644 persistent_core_v2_trial/results/science/receipts/501066_REPLACE_lifetime.json.gz
 create mode 100644 persistent_core_v2_trial/results/science/receipts/501066_REPLACE_reuse.json.gz
 create mode 100644 persistent_core_v2_trial/results/science/receipts/501066_V1_lifetime.json.gz
 create mode 100644 persistent_core_v2_trial/results/science/receipts/501066_V1_reuse.json.gz
 create mode 100644 persistent_core_v2_trial/results/science/receipts/501067_BOTH_lifetime.json.gz
 create mode 100644 persistent_core_v2_trial/results/science/receipts/501067_BOTH_reuse.json.gz
 create mode 100644 persistent_core_v2_trial/results/science/receipts/501067_ERROR_lifetime.json.gz
 create mode 100644 persistent_core_v2_trial/results/science/receipts/501067_ERROR_reuse.json.gz
 create mode 100644 persistent_core_v2_trial/results/science/receipts/501067_REPLACE_lifetime.json.gz
 create mode 100644 persistent_core_v2_trial/results/science/receipts/501067_REPLACE_reuse.json.gz
 create mode 100644 persistent_core_v2_trial/results/science/receipts/501067_V1_lifetime.json.gz
 create mode 100644 persistent_core_v2_trial/results/science/receipts/501067_V1_reuse.json.gz
 create mode 100644 persistent_core_v2_trial/results/science/receipts/501068_BOTH_lifetime.json.gz
 create mode 100644 persistent_core_v2_trial/results/science/receipts/501068_BOTH_reuse.json.gz
 create mode 100644 persistent_core_v2_trial/results/science/receipts/501068_ERROR_lifetime.json.gz
 create mode 100644 persistent_core_v2_trial/results/science/receipts/501068_ERROR_reuse.json.gz
 create mode 100644 persistent_core_v2_trial/results/science/receipts/501068_REPLACE_lifetime.json.gz
 create mode 100644 persistent_core_v2_trial/results/science/receipts/501068_REPLACE_reuse.json.gz
 create mode 100644 persistent_core_v2_trial/results/science/receipts/501068_V1_lifetime.json.gz
 create mode 100644 persistent_core_v2_trial/results/science/receipts/501068_V1_reuse.json.gz
 create mode 100644 persistent_core_v2_trial/results/science/receipts/501069_BOTH_lifetime.json.gz
 create mode 100644 persistent_core_v2_trial/results/science/receipts/501069_BOTH_reuse.json.gz
 create mode 100644 persistent_core_v2_trial/results/science/receipts/501069_ERROR_lifetime.json.gz
 create mode 100644 persistent_core_v2_trial/results/science/receipts/501069_ERROR_reuse.json.gz
 create mode 100644 persistent_core_v2_trial/results/science/receipts/501069_REPLACE_lifetime.json.gz
 create mode 100644 persistent_core_v2_trial/results/science/receipts/501069_REPLACE_reuse.json.gz
 create mode 100644 persistent_core_v2_trial/results/science/receipts/501069_V1_lifetime.json.gz
 create mode 100644 persistent_core_v2_trial/results/science/receipts/501069_V1_reuse.json.gz
 create mode 100644 persistent_core_v2_trial/results/science/receipts/501070_BOTH_lifetime.json.gz
 create mode 100644 persistent_core_v2_trial/results/science/receipts/501070_BOTH_reuse.json.gz
 create mode 100644 persistent_core_v2_trial/results/science/receipts/501070_ERROR_lifetime.json.gz
 create mode 100644 persistent_core_v2_trial/results/science/receipts/501070_ERROR_reuse.json.gz
 create mode 100644 persistent_core_v2_trial/results/science/receipts/501070_REPLACE_lifetime.json.gz
 create mode 100644 persistent_core_v2_trial/results/science/receipts/501070_REPLACE_reuse.json.gz
 create mode 100644 persistent_core_v2_trial/results/science/receipts/501070_V1_lifetime.json.gz
 create mode 100644 persistent_core_v2_trial/results/science/receipts/501070_V1_reuse.json.gz
 create mode 100644 persistent_core_v2_trial/results/science/receipts/501071_BOTH_lifetime.json.gz
 create mode 100644 persistent_core_v2_trial/results/science/receipts/501071_BOTH_reuse.json.gz
 create mode 100644 persistent_core_v2_trial/results/science/receipts/501071_ERROR_lifetime.json.gz
 create mode 100644 persistent_core_v2_trial/results/science/receipts/501071_ERROR_reuse.json.gz
 create mode 100644 persistent_core_v2_trial/results/science/receipts/501071_REPLACE_lifetime.json.gz
 create mode 100644 persistent_core_v2_trial/results/science/receipts/501071_REPLACE_reuse.json.gz
 create mode 100644 persistent_core_v2_trial/results/science/receipts/501071_V1_lifetime.json.gz
 create mode 100644 persistent_core_v2_trial/results/science/receipts/501071_V1_reuse.json.gz
 create mode 100644 persistent_core_v2_trial/results/science/receipts/501072_BOTH_lifetime.json.gz
 create mode 100644 persistent_core_v2_trial/results/science/receipts/501072_BOTH_reuse.json.gz
 create mode 100644 persistent_core_v2_trial/results/science/receipts/501072_ERROR_lifetime.json.gz
 create mode 100644 persistent_core_v2_trial/results/science/receipts/501072_ERROR_reuse.json.gz
 create mode 100644 persistent_core_v2_trial/results/science/receipts/501072_REPLACE_lifetime.json.gz
 create mode 100644 persistent_core_v2_trial/results/science/receipts/501072_REPLACE_reuse.json.gz
 create mode 100644 persistent_core_v2_trial/results/science/receipts/501072_V1_lifetime.json.gz
 create mode 100644 persistent_core_v2_trial/results/science/receipts/501072_V1_reuse.json.gz
 create mode 100644 persistent_core_v2_trial/results/science/receipts/501073_BOTH_lifetime.json.gz
 create mode 100644 persistent_core_v2_trial/results/science/receipts/501073_BOTH_reuse.json.gz
 create mode 100644 persistent_core_v2_trial/results/science/receipts/501073_ERROR_lifetime.json.gz
 create mode 100644 persistent_core_v2_trial/results/science/receipts/501073_ERROR_reuse.json.gz
 create mode 100644 persistent_core_v2_trial/results/science/receipts/501073_REPLACE_lifetime.json.gz
 create mode 100644 persistent_core_v2_trial/results/science/receipts/501073_REPLACE_reuse.json.gz
 create mode 100644 persistent_core_v2_trial/results/science/receipts/501073_V1_lifetime.json.gz
 create mode 100644 persistent_core_v2_trial/results/science/receipts/501073_V1_reuse.json.gz
 create mode 100644 persistent_core_v2_trial/results/science/receipts/501074_BOTH_lifetime.json.gz
 create mode 100644 persistent_core_v2_trial/results/science/receipts/501074_BOTH_reuse.json.gz
 create mode 100644 persistent_core_v2_trial/results/science/receipts/501074_ERROR_lifetime.json.gz
 create mode 100644 persistent_core_v2_trial/results/science/receipts/501074_ERROR_reuse.json.gz
 create mode 100644 persistent_core_v2_trial/results/science/receipts/501074_REPLACE_lifetime.json.gz
 create mode 100644 persistent_core_v2_trial/results/science/receipts/501074_REPLACE_reuse.json.gz
 create mode 100644 persistent_core_v2_trial/results/science/receipts/501074_V1_lifetime.json.gz
 create mode 100644 persistent_core_v2_trial/results/science/receipts/501074_V1_reuse.json.gz
 create mode 100644 persistent_core_v2_trial/results/science/receipts/501075_BOTH_lifetime.json.gz
 create mode 100644 persistent_core_v2_trial/results/science/receipts/501075_BOTH_reuse.json.gz
 create mode 100644 persistent_core_v2_trial/results/science/receipts/501075_ERROR_lifetime.json.gz
 create mode 100644 persistent_core_v2_trial/results/science/receipts/501075_ERROR_reuse.json.gz
 create mode 100644 persistent_core_v2_trial/results/science/receipts/501075_REPLACE_lifetime.json.gz
 create mode 100644 persistent_core_v2_trial/results/science/receipts/501075_REPLACE_reuse.json.gz
 create mode 100644 persistent_core_v2_trial/results/science/receipts/501075_V1_lifetime.json.gz
 create mode 100644 persistent_core_v2_trial/results/science/receipts/501075_V1_reuse.json.gz
 create mode 100644 persistent_core_v2_trial/results/science/receipts/501076_BOTH_lifetime.json.gz
 create mode 100644 persistent_core_v2_trial/results/science/receipts/501076_BOTH_reuse.json.gz
 create mode 100644 persistent_core_v2_trial/results/science/receipts/501076_ERROR_lifetime.json.gz
 create mode 100644 persistent_core_v2_trial/results/science/receipts/501076_ERROR_reuse.json.gz
 create mode 100644 persistent_core_v2_trial/results/science/receipts/501076_REPLACE_lifetime.json.gz
 create mode 100644 persistent_core_v2_trial/results/science/receipts/501076_REPLACE_reuse.json.gz
 create mode 100644 persistent_core_v2_trial/results/science/receipts/501076_V1_lifetime.json.gz
 create mode 100644 persistent_core_v2_trial/results/science/receipts/501076_V1_reuse.json.gz
 create mode 100644 persistent_core_v2_trial/results/science/receipts/501077_BOTH_lifetime.json.gz
 create mode 100644 persistent_core_v2_trial/results/science/receipts/501077_BOTH_reuse.json.gz
 create mode 100644 persistent_core_v2_trial/results/science/receipts/501077_ERROR_lifetime.json.gz
 create mode 100644 persistent_core_v2_trial/results/science/receipts/501077_ERROR_reuse.json.gz
 create mode 100644 persistent_core_v2_trial/results/science/receipts/501077_REPLACE_lifetime.json.gz
 create mode 100644 persistent_core_v2_trial/results/science/receipts/501077_REPLACE_reuse.json.gz
 create mode 100644 persistent_core_v2_trial/results/science/receipts/501077_V1_lifetime.json.gz
 create mode 100644 persistent_core_v2_trial/results/science/receipts/501077_V1_reuse.json.gz
 create mode 100644 persistent_core_v2_trial/results/science/receipts/501078_BOTH_lifetime.json.gz
 create mode 100644 persistent_core_v2_trial/results/science/receipts/501078_BOTH_reuse.json.gz
 create mode 100644 persistent_core_v2_trial/results/science/receipts/501078_ERROR_lifetime.json.gz
 create mode 100644 persistent_core_v2_trial/results/science/receipts/501078_ERROR_reuse.json.gz
 create mode 100644 persistent_core_v2_trial/results/science/receipts/501078_REPLACE_lifetime.json.gz
 create mode 100644 persistent_core_v2_trial/results/science/receipts/501078_REPLACE_reuse.json.gz
 create mode 100644 persistent_core_v2_trial/results/science/receipts/501078_V1_lifetime.json.gz
 create mode 100644 persistent_core_v2_trial/results/science/receipts/501078_V1_reuse.json.gz
 create mode 100644 persistent_core_v2_trial/results/science/receipts/501079_BOTH_lifetime.json.gz
 create mode 100644 persistent_core_v2_trial/results/science/receipts/501079_BOTH_reuse.json.gz
 create mode 100644 persistent_core_v2_trial/results/science/receipts/501079_ERROR_lifetime.json.gz
 create mode 100644 persistent_core_v2_trial/results/science/receipts/501079_ERROR_reuse.json.gz
 create mode 100644 persistent_core_v2_trial/results/science/receipts/501079_REPLACE_lifetime.json.gz
 create mode 100644 persistent_core_v2_trial/results/science/receipts/501079_REPLACE_reuse.json.gz
 create mode 100644 persistent_core_v2_trial/results/science/receipts/501079_V1_lifetime.json.gz
 create mode 100644 persistent_core_v2_trial/results/science/receipts/501079_V1_reuse.json.gz
 create mode 100644 persistent_core_v2_trial/results/science/receipts/501080_BOTH_lifetime.json.gz
 create mode 100644 persistent_core_v2_trial/results/science/receipts/501080_BOTH_reuse.json.gz
 create mode 100644 persistent_core_v2_trial/results/science/receipts/501080_ERROR_lifetime.json.gz
 create mode 100644 persistent_core_v2_trial/results/science/receipts/501080_ERROR_reuse.json.gz
 create mode 100644 persistent_core_v2_trial/results/science/receipts/501080_REPLACE_lifetime.json.gz
 create mode 100644 persistent_core_v2_trial/results/science/receipts/501080_REPLACE_reuse.json.gz
 create mode 100644 persistent_core_v2_trial/results/science/receipts/501080_V1_lifetime.json.gz
 create mode 100644 persistent_core_v2_trial/results/science/receipts/501080_V1_reuse.json.gz
 create mode 100644 persistent_core_v2_trial/results/science/receipts/501081_BOTH_lifetime.json.gz
 create mode 100644 persistent_core_v2_trial/results/science/receipts/501081_BOTH_reuse.json.gz
 create mode 100644 persistent_core_v2_trial/results/science/receipts/501081_ERROR_lifetime.json.gz
 create mode 100644 persistent_core_v2_trial/results/science/receipts/501081_ERROR_reuse.json.gz
 create mode 100644 persistent_core_v2_trial/results/science/receipts/501081_REPLACE_lifetime.json.gz
 create mode 100644 persistent_core_v2_trial/results/science/receipts/501081_REPLACE_reuse.json.gz
 create mode 100644 persistent_core_v2_trial/results/science/receipts/501081_V1_lifetime.json.gz
 create mode 100644 persistent_core_v2_trial/results/science/receipts/501081_V1_reuse.json.gz
 create mode 100644 persistent_core_v2_trial/results/science/receipts/501082_BOTH_lifetime.json.gz
 create mode 100644 persistent_core_v2_trial/results/science/receipts/501082_BOTH_reuse.json.gz
 create mode 100644 persistent_core_v2_trial/results/science/receipts/501082_ERROR_lifetime.json.gz
 create mode 100644 persistent_core_v2_trial/results/science/receipts/501082_ERROR_reuse.json.gz
 create mode 100644 persistent_core_v2_trial/results/science/receipts/501082_REPLACE_lifetime.json.gz
 create mode 100644 persistent_core_v2_trial/results/science/receipts/501082_REPLACE_reuse.json.gz
 create mode 100644 persistent_core_v2_trial/results/science/receipts/501082_V1_lifetime.json.gz
 create mode 100644 persistent_core_v2_trial/results/science/receipts/501082_V1_reuse.json.gz
 create mode 100644 persistent_core_v2_trial/results/science/receipts/501083_BOTH_lifetime.json.gz
 create mode 100644 persistent_core_v2_trial/results/science/receipts/501083_BOTH_reuse.json.gz
 create mode 100644 persistent_core_v2_trial/results/science/receipts/501083_ERROR_lifetime.json.gz
 create mode 100644 persistent_core_v2_trial/results/science/receipts/501083_ERROR_reuse.json.gz
 create mode 100644 persistent_core_v2_trial/results/science/receipts/501083_REPLACE_lifetime.json.gz
 create mode 100644 persistent_core_v2_trial/results/science/receipts/501083_REPLACE_reuse.json.gz
 create mode 100644 persistent_core_v2_trial/results/science/receipts/501083_V1_lifetime.json.gz
 create mode 100644 persistent_core_v2_trial/results/science/receipts/501083_V1_reuse.json.gz
 create mode 100644 persistent_core_v2_trial/results/science/receipts/501084_BOTH_lifetime.json.gz
 create mode 100644 persistent_core_v2_trial/results/science/receipts/501084_BOTH_reuse.json.gz
 create mode 100644 persistent_core_v2_trial/results/science/receipts/501084_ERROR_lifetime.json.gz
 create mode 100644 persistent_core_v2_trial/results/science/receipts/501084_ERROR_reuse.json.gz
 create mode 100644 persistent_core_v2_trial/results/science/receipts/501084_REPLACE_lifetime.json.gz
 create mode 100644 persistent_core_v2_trial/results/science/receipts/501084_REPLACE_reuse.json.gz
 create mode 100644 persistent_core_v2_trial/results/science/receipts/501084_V1_lifetime.json.gz
 create mode 100644 persistent_core_v2_trial/results/science/receipts/501084_V1_reuse.json.gz
 create mode 100644 persistent_core_v2_trial/results/science/receipts/501085_BOTH_lifetime.json.gz
 create mode 100644 persistent_core_v2_trial/results/science/receipts/501085_BOTH_reuse.json.gz
 create mode 100644 persistent_core_v2_trial/results/science/receipts/501085_ERROR_lifetime.json.gz
 create mode 100644 persistent_core_v2_trial/results/science/receipts/501085_ERROR_reuse.json.gz
 create mode 100644 persistent_core_v2_trial/results/science/receipts/501085_REPLACE_lifetime.json.gz
 create mode 100644 persistent_core_v2_trial/results/science/receipts/501085_REPLACE_reuse.json.gz
 create mode 100644 persistent_core_v2_trial/results/science/receipts/501085_V1_lifetime.json.gz
 create mode 100644 persistent_core_v2_trial/results/science/receipts/501085_V1_reuse.json.gz
 create mode 100644 persistent_core_v2_trial/results/science/receipts/501086_BOTH_lifetime.json.gz
 create mode 100644 persistent_core_v2_trial/results/science/receipts/501086_BOTH_reuse.json.gz
 create mode 100644 persistent_core_v2_trial/results/science/receipts/501086_ERROR_lifetime.json.gz
 create mode 100644 persistent_core_v2_trial/results/science/receipts/501086_ERROR_reuse.json.gz
 create mode 100644 persistent_core_v2_trial/results/science/receipts/501086_REPLACE_lifetime.json.gz
 create mode 100644 persistent_core_v2_trial/results/science/receipts/501086_REPLACE_reuse.json.gz
 create mode 100644 persistent_core_v2_trial/results/science/receipts/501086_V1_lifetime.json.gz
 create mode 100644 persistent_core_v2_trial/results/science/receipts/501086_V1_reuse.json.gz
 create mode 100644 persistent_core_v2_trial/results/science/receipts/501087_BOTH_lifetime.json.gz
 create mode 100644 persistent_core_v2_trial/results/science/receipts/501087_BOTH_reuse.json.gz
 create mode 100644 persistent_core_v2_trial/results/science/receipts/501087_ERROR_lifetime.json.gz
 create mode 100644 persistent_core_v2_trial/results/science/receipts/501087_ERROR_reuse.json.gz
 create mode 100644 persistent_core_v2_trial/results/science/receipts/501087_REPLACE_lifetime.json.gz
 create mode 100644 persistent_core_v2_trial/results/science/receipts/501087_REPLACE_reuse.json.gz
 create mode 100644 persistent_core_v2_trial/results/science/receipts/501087_V1_lifetime.json.gz
 create mode 100644 persistent_core_v2_trial/results/science/receipts/501087_V1_reuse.json.gz
 create mode 100644 persistent_core_v2_trial/results/science/receipts/501088_BOTH_lifetime.json.gz
 create mode 100644 persistent_core_v2_trial/results/science/receipts/501088_BOTH_reuse.json.gz
 create mode 100644 persistent_core_v2_trial/results/science/receipts/501088_ERROR_lifetime.json.gz
 create mode 100644 persistent_core_v2_trial/results/science/receipts/501088_ERROR_reuse.json.gz
 create mode 100644 persistent_core_v2_trial/results/science/receipts/501088_REPLACE_lifetime.json.gz
 create mode 100644 persistent_core_v2_trial/results/science/receipts/501088_REPLACE_reuse.json.gz
 create mode 100644 persistent_core_v2_trial/results/science/receipts/501088_V1_lifetime.json.gz
 create mode 100644 persistent_core_v2_trial/results/science/receipts/501088_V1_reuse.json.gz
 create mode 100644 persistent_core_v2_trial/results/science/receipts/501089_BOTH_lifetime.json.gz
 create mode 100644 persistent_core_v2_trial/results/science/receipts/501089_BOTH_reuse.json.gz
 create mode 100644 persistent_core_v2_trial/results/science/receipts/501089_ERROR_lifetime.json.gz
 create mode 100644 persistent_core_v2_trial/results/science/receipts/501089_ERROR_reuse.json.gz
 create mode 100644 persistent_core_v2_trial/results/science/receipts/501089_REPLACE_lifetime.json.gz
 create mode 100644 persistent_core_v2_trial/results/science/receipts/501089_REPLACE_reuse.json.gz
 create mode 100644 persistent_core_v2_trial/results/science/receipts/501089_V1_lifetime.json.gz
 create mode 100644 persistent_core_v2_trial/results/science/receipts/501089_V1_reuse.json.gz
 create mode 100644 persistent_core_v2_trial/results/science/receipts/501090_BOTH_lifetime.json.gz
 create mode 100644 persistent_core_v2_trial/results/science/receipts/501090_BOTH_reuse.json.gz
 create mode 100644 persistent_core_v2_trial/results/science/receipts/501090_ERROR_lifetime.json.gz
 create mode 100644 persistent_core_v2_trial/results/science/receipts/501090_ERROR_reuse.json.gz
 create mode 100644 persistent_core_v2_trial/results/science/receipts/501090_REPLACE_lifetime.json.gz
 create mode 100644 persistent_core_v2_trial/results/science/receipts/501090_REPLACE_reuse.json.gz
 create mode 100644 persistent_core_v2_trial/results/science/receipts/501090_V1_lifetime.json.gz
 create mode 100644 persistent_core_v2_trial/results/science/receipts/501090_V1_reuse.json.gz
 create mode 100644 persistent_core_v2_trial/results/science/receipts/501091_BOTH_lifetime.json.gz
 create mode 100644 persistent_core_v2_trial/results/science/receipts/501091_BOTH_reuse.json.gz
 create mode 100644 persistent_core_v2_trial/results/science/receipts/501091_ERROR_lifetime.json.gz
 create mode 100644 persistent_core_v2_trial/results/science/receipts/501091_ERROR_reuse.json.gz
 create mode 100644 persistent_core_v2_trial/results/science/receipts/501091_REPLACE_lifetime.json.gz
 create mode 100644 persistent_core_v2_trial/results/science/receipts/501091_REPLACE_reuse.json.gz
 create mode 100644 persistent_core_v2_trial/results/science/receipts/501091_V1_lifetime.json.gz
 create mode 100644 persistent_core_v2_trial/results/science/receipts/501091_V1_reuse.json.gz
 create mode 100644 persistent_core_v2_trial/results/science/receipts/501092_BOTH_lifetime.json.gz
 create mode 100644 persistent_core_v2_trial/results/science/receipts/501092_BOTH_reuse.json.gz
 create mode 100644 persistent_core_v2_trial/results/science/receipts/501092_ERROR_lifetime.json.gz
 create mode 100644 persistent_core_v2_trial/results/science/receipts/501092_ERROR_reuse.json.gz
 create mode 100644 persistent_core_v2_trial/results/science/receipts/501092_REPLACE_lifetime.json.gz
 create mode 100644 persistent_core_v2_trial/results/science/receipts/501092_REPLACE_reuse.json.gz
 create mode 100644 persistent_core_v2_trial/results/science/receipts/501092_V1_lifetime.json.gz
 create mode 100644 persistent_core_v2_trial/results/science/receipts/501092_V1_reuse.json.gz
 create mode 100644 persistent_core_v2_trial/results/science/receipts/501093_BOTH_lifetime.json.gz
 create mode 100644 persistent_core_v2_trial/results/science/receipts/501093_BOTH_reuse.json.gz
 create mode 100644 persistent_core_v2_trial/results/science/receipts/501093_ERROR_lifetime.json.gz
 create mode 100644 persistent_core_v2_trial/results/science/receipts/501093_ERROR_reuse.json.gz
 create mode 100644 persistent_core_v2_trial/results/science/receipts/501093_REPLACE_lifetime.json.gz
 create mode 100644 persistent_core_v2_trial/results/science/receipts/501093_REPLACE_reuse.json.gz
 create mode 100644 persistent_core_v2_trial/results/science/receipts/501093_V1_lifetime.json.gz
 create mode 100644 persistent_core_v2_trial/results/science/receipts/501093_V1_reuse.json.gz
 create mode 100644 persistent_core_v2_trial/results/science/receipts/501094_BOTH_lifetime.json.gz
 create mode 100644 persistent_core_v2_trial/results/science/receipts/501094_BOTH_reuse.json.gz
 create mode 100644 persistent_core_v2_trial/results/science/receipts/501094_ERROR_lifetime.json.gz
 create mode 100644 persistent_core_v2_trial/results/science/receipts/501094_ERROR_reuse.json.gz
 create mode 100644 persistent_core_v2_trial/results/science/receipts/501094_REPLACE_lifetime.json.gz
 create mode 100644 persistent_core_v2_trial/results/science/receipts/501094_REPLACE_reuse.json.gz
 create mode 100644 persistent_core_v2_trial/results/science/receipts/501094_V1_lifetime.json.gz
 create mode 100644 persistent_core_v2_trial/results/science/receipts/501094_V1_reuse.json.gz
 create mode 100644 persistent_core_v2_trial/results/science/receipts/501095_BOTH_lifetime.json.gz
 create mode 100644 persistent_core_v2_trial/results/science/receipts/501095_BOTH_reuse.json.gz
 create mode 100644 persistent_core_v2_trial/results/science/receipts/501095_ERROR_lifetime.json.gz
 create mode 100644 persistent_core_v2_trial/results/science/receipts/501095_ERROR_reuse.json.gz
 create mode 100644 persistent_core_v2_trial/results/science/receipts/501095_REPLACE_lifetime.json.gz
 create mode 100644 persistent_core_v2_trial/results/science/receipts/501095_REPLACE_reuse.json.gz
 create mode 100644 persistent_core_v2_trial/results/science/receipts/501095_V1_lifetime.json.gz
 create mode 100644 persistent_core_v2_trial/results/science/receipts/501095_V1_reuse.json.gz
 create mode 100644 persistent_core_v2_trial/results/science/receipts/501096_BOTH_lifetime.json.gz
 create mode 100644 persistent_core_v2_trial/results/science/receipts/501096_BOTH_reuse.json.gz
 create mode 100644 persistent_core_v2_trial/results/science/receipts/501096_ERROR_lifetime.json.gz
 create mode 100644 persistent_core_v2_trial/results/science/receipts/501096_ERROR_reuse.json.gz
 create mode 100644 persistent_core_v2_trial/results/science/receipts/501096_REPLACE_lifetime.json.gz
 create mode 100644 persistent_core_v2_trial/results/science/receipts/501096_REPLACE_reuse.json.gz
 create mode 100644 persistent_core_v2_trial/results/science/receipts/501096_V1_lifetime.json.gz
 create mode 100644 persistent_core_v2_trial/results/science/receipts/501096_V1_reuse.json.gz
 create mode 100644 persistent_core_v2_trial/results/supervisor.log
 create mode 100644 persistent_core_v2_trial/results/supervisor8.log
 create mode 100644 persistent_core_v2_trial/results/v2_analysis.py.log
send-pack: unexpected disconnect while reading sideband packet
fatal: the remote end hung up unexpectedly
Everything up-to-date
